customer_id,name,email,city,state,join_date,loyalty_flag
C0001,Robin Smith,maywilliam@hendrix.com,Davisville,Texas,9/21/2023,FALSE
C0002,Troy Wilson,yallen@hotmail.com,East Hannah,Alabama,11/6/2024,FALSE
C0003,Brandon West,adamslisa@clay.com,Lake Shannon,Georgia,10/20/2024,FALSE
C0004,William Rosario,vanessaosborne@morris.biz,Armstrongfurt,Georgia,11/24/2022,FALSE
C0005,William Arnold,dhuffman@mooney.com,South Dawnside,Texas,3/21/2024,FALSE
C0006,Jennifer Jefferson,randylutz@hotmail.com,Port Isabel,Florida,9/10/2023,FALSE
C0007,Darius Donaldson,danielle74@stafford.com,East Deborah,Mississippi,3/4/2025,TRUE
C0008,Jennifer Webb,berryjohn@gmail.com,Edwardsside,Idaho,1/21/2023,FALSE
C0009,Jennifer Campos,mortonjonathan@hotmail.com,South Sean,Florida,11/27/2024,FALSE
C0010,Lucas Cruz,morgan78@hotmail.com,New Jasminemouth,California,1/25/2023,TRUE
C0011,Mark Campbell,justinsmith@hernandez.biz,East Michael,Louisiana,3/29/2023,TRUE
C0012,Alan Wolfe,mcgrathjennifer@robinson.com,New Wendy,Massachusetts,2/15/2025,FALSE
C0013,Jill Bush,eric92@gmail.com,Simmonsbury,Nebraska,1/28/2025,FALSE
C0014,Matthew Erickson,johnadams@banks-smith.com,West Kristinfurt,Massachusetts,4/23/2025,FALSE
C0015,Kelly Barton,sandrazamora@martin-johnson.org,East Mary,Oklahoma,3/25/2023,FALSE
C0016,Michael Hall,christopher62@taylor.com,Hickmanfurt,Kansas,4/22/2023,TRUE
C0017,Paige Compton,angela91@gmail.com,Sancheztown,Oregon,7/19/2024,FALSE
C0018,Michele Allen,sarah95@arnold.com,West Christianshire,Nevada,5/5/2023,FALSE
C0019,Brianna Knapp,brownmary@pitts.biz,West Austin,Hawaii,6/30/2025,FALSE
C0020,Kevin Brown,jamesdavis@butler.info,West Stephen,Michigan,6/28/2025,FALSE
C0021,Cynthia Boyd,christopher60@gmail.com,East Kelsey,New Jersey,3/29/2023,TRUE
C0022,Thomas Buchanan,reyesjustin@gmail.com,Deborahberg,Arkansas,9/15/2024,TRUE
C0023,Kimberly Strickland DDS,sanderson@holland-montgomery.com,South Zacharyport,West Virginia,4/14/2023,TRUE
C0024,Timothy Walker,dlong@pierce.org,West Sean,New Mexico,4/18/2024,FALSE
C0025,Jackie Robbins,elizabeth38@hotmail.com,Travisshire,Louisiana,11/5/2022,FALSE
C0026,Douglas Delacruz,freemandaniel@hotmail.com,Port Yvonne,North Carolina,9/14/2025,TRUE
C0027,Mr. Craig Downs,glennwilson@robertson.info,Tuckertown,West Virginia,9/9/2023,FALSE
C0028,Jeffrey Cross,paultaylor@obrien.com,,Kentucky,4/28/2025,TRUE
C0029,Gary Whitehead,yhill@gmail.com,Port Kyle,New Jersey,9/16/2025,FALSE
C0030,Michael Hale,hstewart@hotmail.com,Port Amberstad,Texas,8/8/2024,TRUE
C0031,Daniel Evans,wayne91@marshall-callahan.net,Wardmouth,Nevada,7/8/2024,FALSE
C0032,Anthony Wise,jenningskatie@yahoo.com,East John,Hawaii,5/24/2023,TRUE
C0033,Jessica Mason,reidjane@arnold-franco.com,East Anthony,Missouri,5/18/2023,FALSE
C0034,Jesse Fitzgerald MD,lisamorris@smith.com,Moorefort,New Mexico,7/7/2023,TRUE
C0035,Joseph Wilson,jacksonpaul@stokes-logan.com,East Dannyport,Idaho,7/13/2023,FALSE
C0036,Heather Murray,uanderson@gmail.com,South Meganmouth,Louisiana,5/30/2025,TRUE
C0037,Joseph Chandler,donnaadams@yahoo.com,Howardport,Wyoming,10/26/2024,FALSE
C0038,Cesar Hunter,nicolegomez@york.com,West Donna,Arkansas,4/6/2023,FALSE
C0039,James Coleman,lisamoon@hotmail.com,South Stephen,Idaho,8/10/2024,FALSE
C0040,Dana Brown,figueroalevi@rowe-jones.com,Lake Rachelland,Alaska,3/14/2025,TRUE
C0041,Crystal Watson,umiller@gmail.com,Phillipshire,Oklahoma,12/11/2022,TRUE
C0042,Steve Wells,fernandeztimothy@burns.info,Copelandhaven,South Dakota,8/10/2024,FALSE
C0043,Amber Perry,gutierrezlisa@miles.com,North Jacqueline,Minnesota,2/9/2023,FALSE
C0044,Zachary Brown,dunnlisa@cox.info,Annaside,Kentucky,3/3/2024,TRUE
C0045,Nicole Mitchell,ashleyburke@gmail.com,Tinashire,Kentucky,6/9/2024,TRUE
C0046,Michael Webb,phines@gmail.com,Hutchinsonside,Texas,12/15/2023,FALSE
C0047,Andrew Brown,maryjames@smith-skinner.net,North Darrenbury,Tennessee,1/14/2024,FALSE
C0048,Patrick Beltran,whitecharles@gmail.com,East Jennifer,New York,8/18/2023,FALSE
C0049,Kevin Compton,michaelperry@simpson-jones.com,Mackton,North Dakota,1/3/2023,TRUE
C0050,Joshua Brooks,wallaceashley@johnson-jones.com,South Nicole,Utah,10/9/2023,TRUE
C0051,Matthew Irwin,howardmonica@garcia.com,Lake Taraside,Oregon,9/13/2023,FALSE
C0052,Nathan Rivera,watsonthomas@gmail.com,West Josehaven,Minnesota,3/16/2025,TRUE
C0053,Robert Cohen,williamsjasmine@yahoo.com,New Christina,New Mexico,6/7/2023,TRUE
C0054,Shelby Day,piercejacob@gmail.com,Port Philip,Nevada,4/7/2024,FALSE
C0055,Kimberly Martin,susan03@yahoo.com,West Joshuatown,Louisiana,5/6/2023,FALSE
C0056,Mark Phillips,janewilliams@hotmail.com,Jamesbury,New Hampshire,10/12/2023,TRUE
C0057,Ruben Thomas,joseph17@gray.biz,New Mistymouth,Ohio,4/28/2025,TRUE
C0058,William Fox,fyoung@campbell-mason.com,West Jamieshire,California,8/30/2024,FALSE
C0059,Amy King,kyle31@jones-bates.biz,West Joanneside,Washington,7/13/2023,TRUE
C0060,Jennifer Miller,jameswebb@holt.com,West Juanmouth,California,5/31/2023,TRUE
C0061,Antonio Salazar,joseph01@yahoo.com,Sampsonhaven,Massachusetts,7/20/2024,FALSE
C0062,Megan Taylor,lwaters@newman.com,Abbottview,Nevada,8/29/2025,FALSE
C0063,Joseph Rodriguez,thorntonmartin@gmail.com,Nolanside,Hawaii,4/17/2024,TRUE
C0064,Margaret Brown,marycraig@crawford-haley.org,Hernandezmouth,New Mexico,2/27/2025,TRUE
C0065,James Booth,sgonzales@contreras-thomas.biz,Campbellborough,Illinois,3/24/2024,FALSE
C0066,Brandi Ramsey DDS,pknight@barnes.com,North Frederick,Idaho,11/10/2022,TRUE
C0067,Stephen Schmitt,nicolesmith@sanchez.com,North Brandonmouth,Tennessee,12/19/2022,TRUE
C0068,Lisa Watson,rsmith@thompson.com,Derekchester,Minnesota,2/9/2025,TRUE
C0069,Heidi Payne,sharonfarmer@barr-garcia.com,,Kentucky,4/26/2025,TRUE
C0070,Stephanie Fox,bwalker@rivera-lewis.com,Ruthton,Wyoming,6/20/2024,FALSE
C0071,Jennifer Rios,jenniferbennett@benton.net,Lake Thomas,Nebraska,8/26/2024,FALSE
C0072,Wendy Reeves,igilmore@gmail.com,South Marcus,Connecticut,6/8/2024,FALSE
C0073,Felicia Walter,arthurwilliams@hotmail.com,South Johnland,Nebraska,10/20/2022,TRUE
C0074,Nicholas Benton DDS,brandy75@gmail.com,West Erica,Arkansas,9/18/2022,TRUE
C0075,Keith Hanson,ajohnson@king-rich.biz,West Melody,Virginia,1/12/2024,TRUE
C0076,Karen Jefferson,gregory31@hotmail.com,Carrview,Alaska,10/10/2024,TRUE
C0077,Gary Holland,ofigueroa@cunningham.com,Brownburgh,Illinois,9/18/2023,FALSE
C0078,Martin Smith,collinsjeffrey@johnson-newton.com,Deannaville,Vermont,3/6/2023,TRUE
C0079,Keith Ray,tylerandrew@yahoo.com,Dominicmouth,Rhode Island,1/25/2024,TRUE
C0080,Juan Foster,hsanchez@gmail.com,Reginaldtown,South Carolina,2/25/2025,TRUE
C0081,Sarah Calhoun,laura70@lindsey.org,Lake Luis,Iowa,6/16/2024,TRUE
C0082,Paula Bauer,piercekevin@carson.com,West Karinaburgh,Idaho,3/3/2023,TRUE
C0083,Brenda Kent,loriwilliams@hotmail.com,Amberview,Maryland,2/10/2024,TRUE
C0084,Jane Wilson,amejia@higgins.net,Williamburgh,Delaware,11/19/2023,FALSE
C0085,Christopher Woodward,nicoleadams@hotmail.com,New Virginia,Arizona,4/19/2024,FALSE
C0086,Alex Russell,nroberts@hotmail.com,Lake Mirandabury,Georgia,2/28/2024,FALSE
C0087,Christine Lewis,jamesadams@gmail.com,South Robertshire,Nebraska,3/11/2024,TRUE
C0088,Katrina Bradford,coxrenee@gmail.com,Evelynview,California,1/19/2023,TRUE
C0089,Louis Duffy,zachary60@smith.com,South Andrew,Idaho,5/14/2023,FALSE
C0090,Amber Serrano,sullivanshannon@page.net,West Ashleyport,Oklahoma,9/24/2024,FALSE
C0091,Brandon Townsend,karen10@gmail.com,Fuenteshaven,Indiana,6/14/2024,FALSE
C0092,Angie Scott,kevin77@bean.com,Johnville,Massachusetts,6/27/2024,TRUE
C0093,Anne Henderson,afleming@yahoo.com,West Daltonhaven,Florida,8/19/2023,TRUE
C0094,John Stewart,jeffreycastaneda@young.com,Port Megan,Washington,7/11/2024,FALSE
C0095,Patrick Smith,rachel16@gmail.com,New Ryan,Maryland,10/28/2024,TRUE
C0096,Eric Johnson,robertadams@yahoo.com,Lake Cynthia,Arkansas,8/27/2025,TRUE
C0097,Justin Beck,ryantaylor@hotmail.com,Acostafort,Pennsylvania,1/14/2025,TRUE
C0098,Teresa Summers,alexa95@johnson-sullivan.info,Simmonstown,Georgia,1/16/2024,TRUE
C0099,Elizabeth Ortiz,thompsonlauren@gmail.com,North Anthony,Oklahoma,3/24/2025,TRUE
C0100,Vicki Thomas,keithmatthew@gmail.com,,Arizona,12/14/2022,TRUE
C0101,Mary King,judithavila@gmail.com,North Jacobport,Alaska,3/3/2025,TRUE
C0102,Ashley White,michaelbrown@allen-rodriguez.com,Johnbury,New Mexico,3/17/2023,TRUE
C0103,Anthony Lewis,rogersamanda@gmail.com,Port Katherineborough,Georgia,4/14/2024,FALSE
C0104,Jeff Boyd,james91@hotmail.com,Trujilloport,Alaska,6/10/2024,FALSE
C0105,Kimberly Reed,laraanthony@gmail.com,New Carlos,South Carolina,11/29/2024,TRUE
C0106,Melissa Simmons,kempjenna@gmail.com,Port Tanyaland,Oklahoma,5/2/2024,TRUE
C0107,Jason Mcneil,judith18@yahoo.com,Christineland,South Carolina,7/10/2024,TRUE
C0108,Christina Kennedy,connieowens@macdonald.com,Carrillohaven,Wyoming,10/2/2024,TRUE
C0109,Crystal Hull,kylerhodes@yahoo.com,Clarkefort,Arkansas,6/3/2025,FALSE
C0110,Dawn Mendoza,harperterri@hotmail.com,Lake Paul,North Carolina,8/15/2023,TRUE
C0111,Dr. Jessica Browning,coopermelissa@bernard.com,Lewismouth,Texas,9/23/2024,FALSE
C0112,Scott Cline,susanbennett@yahoo.com,Justinfurt,Missouri,8/12/2025,FALSE
C0113,Dr. Thomas Graham,william60@gmail.com,North Richard,Louisiana,3/20/2023,FALSE
C0114,Kaitlyn Martinez,brittanykramer@fleming.info,Shelbyberg,Montana,11/14/2022,FALSE
C0115,Jason Turner,jamesdawson@king.com,Samuelville,Louisiana,4/30/2023,FALSE
C0116,Jennifer Johnson,justinsutton@yahoo.com,West Debbie,Connecticut,1/27/2025,TRUE
C0117,Carlos Martinez MD,smithisaac@hotmail.com,Ronaldshire,Florida,5/31/2025,TRUE
C0118,Andrew Morris,christopher37@clay-williams.com,West Williamtown,Pennsylvania,11/26/2024,FALSE
C0119,Angel Cox,stevencarr@yahoo.com,Carneyview,Wisconsin,10/1/2024,FALSE
C0120,Mary Owens,garciasarah@forbes.com,North Ginaville,Florida,9/11/2023,FALSE
C0121,Luis Brown,andrew89@turner-alexander.biz,Port Chadmouth,Alaska,5/31/2025,TRUE
C0122,Christopher Mann,jenniferdaniel@gmail.com,New Deniseport,Iowa,5/6/2023,TRUE
C0123,Michael Walker,norma29@gmail.com,East Jasminetown,Pennsylvania,6/22/2024,TRUE
C0124,Shannon Clark,keithanthony@shah.com,East Carolineville,Minnesota,9/1/2024,TRUE
C0125,Sarah Torres,marshallbrenda@liu-brown.com,Lindseybury,Texas,3/21/2023,TRUE
C0126,Laura Campos,lkim@campos.info,Perezstad,Colorado,4/15/2024,FALSE
C0127,Jacqueline Palmer,nathaniel79@hotmail.com,Jasonburgh,California,1/19/2023,FALSE
C0128,Larry Vance,tblake@campbell.net,South Michael,Utah,7/1/2023,TRUE
C0129,Christopher Potter,gholt@rush.info,Port Marystad,Alabama,2/18/2024,TRUE
C0130,Michael Liu,cwright@gmail.com,Ramoston,California,5/16/2024,TRUE
C0131,James Crane,summergray@roy.biz,Salasport,Pennsylvania,2/19/2023,FALSE
C0132,Mary Marshall,russellmoon@gmail.com,East Kevin,Arkansas,3/1/2025,FALSE
C0133,Julie Harrison,cynthiafry@yahoo.com,New Rayland,Wyoming,5/29/2024,TRUE
C0134,Andrew Moreno,petersonjohn@garrett-chan.com,West Kevin,Maine,5/4/2025,TRUE
C0135,Frank Ayers,jennifer05@gross.biz,Christophermouth,Delaware,6/4/2025,FALSE
C0136,Crystal Anderson,hayesrichard@yahoo.com,Port Kaylabury,North Carolina,5/7/2024,TRUE
C0137,Jamie Washington,lthompson@hotmail.com,South Christinaberg,Nevada,11/29/2022,TRUE
C0138,David Roberts,valeriemason@miller-armstrong.com,North Donaldbury,South Carolina,2/24/2023,FALSE
C0139,Krystal Stanley,npatel@black.com,East Kristinaside,Montana,9/7/2023,FALSE
C0140,Austin Cochran MD,robert71@gmail.com,Markmouth,Arizona,12/1/2022,FALSE
C0141,Lisa Jenkins,andersonerika@barnes-henry.com,Alvaradofort,Nevada,4/23/2023,TRUE
C0142,Jeffrey Bryant,daniel84@yahoo.com,Erikaburgh,Mississippi,2/22/2023,FALSE
C0143,Timothy Garza,samantha02@gmail.com,Lake Calvinmouth,Maine,7/2/2024,TRUE
C0144,Jonathan Taylor,anna29@thomas-stokes.com,Larsenland,Maine,4/21/2025,TRUE
C0145,Samantha Taylor,saramiller@gilbert-whitehead.biz,Carlosbury,Arizona,9/27/2022,TRUE
C0146,Rebecca Russell,rachel36@vasquez.info,East Michaelshire,Alabama,12/15/2023,TRUE
C0147,Andre Rodriguez,lorrainemiller@carter.com,,Connecticut,2/14/2025,TRUE
C0148,Justin Thomas,carrkathleen@hotmail.com,Derekview,Colorado,10/3/2023,FALSE
C0149,Mary Freeman,sarahlane@west.biz,South Henry,Oregon,8/22/2025,TRUE
C0150,Corey Munoz,natalie03@lewis-sanchez.org,South Danielmouth,Illinois,12/7/2022,TRUE
C0151,Matthew Harrison,cortezjustin@gmail.com,North Stephanie,Massachusetts,9/18/2024,FALSE
C0152,Kristie Ali,jennifer75@mckee.com,Lake Jason,Tennessee,10/14/2024,TRUE
C0153,John Marshall,lwong@williams.info,East Laura,Arizona,7/22/2024,TRUE
C0154,Jessica Morales,ericjohnson@hotmail.com,West Jenniferview,Maryland,2/3/2023,TRUE
C0155,Rachel Morrison,james13@smith-lopez.info,Adrianamouth,Georgia,7/14/2025,FALSE
C0156,Jim Smith,dyoung@clark-stone.com,South Steve,Louisiana,10/28/2022,TRUE
C0157,Barbara Rogers,jennifermartin@gmail.com,South Victoriaport,Missouri,5/14/2023,TRUE
C0158,Deborah Novak,davidlawrence@yahoo.com,Ronaldland,Virginia,9/3/2025,TRUE
C0159,Carla Macias,lauren97@schaefer.info,Walkershire,Alabama,3/27/2023,TRUE
C0160,Terry Elliott MD,brittany91@yahoo.com,Lake Gabrielle,Wyoming,10/4/2022,TRUE
C0161,Stephen Bridges,martinbrianna@yahoo.com,New Jennifer,Utah,5/30/2025,TRUE
C0162,Molly Love,gabrielahall@johnson.com,New Richardborough,Michigan,12/11/2024,TRUE
C0163,Michael Lowe,droth@lynch.com,New Laura,Connecticut,12/5/2024,FALSE
C0164,Angela Webster,opatterson@hotmail.com,Donovanview,Nebraska,2/11/2023,TRUE
C0165,Bryan Rivers,ronald16@gmail.com,Thompsonside,California,5/13/2023,TRUE
C0166,Jerry Jackson,kimelizabeth@gmail.com,Port Robertport,Virginia,4/7/2023,TRUE
C0167,Eric Sanchez,susanrhodes@jones.org,Aguirreton,Nevada,9/22/2022,TRUE
C0168,Jill Morris,sarahavila@hotmail.com,Sanchezmouth,Missouri,1/21/2023,TRUE
C0169,Janice Martin,pjackson@gmail.com,Brianberg,New York,3/21/2025,FALSE
C0170,Caleb Jones,gabriellewis@gmail.com,Freemanmouth,Oklahoma,7/5/2024,TRUE
C0171,Stephanie Wells,davidbuchanan@smith.com,New Joshua,New Hampshire,9/17/2022,FALSE
C0172,Bonnie Ortega,shelby05@shields.com,East Madisonfort,Maine,6/11/2025,TRUE
C0173,Jessica Washington,benjamindavis@baker-trevino.info,South Beth,North Dakota,6/13/2025,FALSE
C0174,Michael Foster,davisgrace@houston.com,Smithshire,Montana,7/8/2025,FALSE
C0175,Madison Lawrence,raymondthompson@gmail.com,Edwardshire,Iowa,12/4/2024,FALSE
C0176,Chad Hill,justin30@hotmail.com,South Jeffreyborough,Nebraska,12/9/2024,FALSE
C0177,Taylor Sullivan,rebecca02@yahoo.com,Sanchezshire,Hawaii,11/25/2022,FALSE
C0178,Shari Wilson,hharrington@werner.net,East Amanda,New Jersey,2/1/2025,TRUE
C0179,Tracy Fields,gonzaleztara@sawyer.com,South Shari,Alaska,5/28/2024,FALSE
C0180,David Wilson,tyler32@gmail.com,East Joel,Mississippi,9/18/2022,TRUE
C0181,Zachary Sullivan,jasonhernandez@garcia.org,Susanburgh,Indiana,4/25/2025,TRUE
C0182,Anne Wright,timothy82@gmail.com,Ashleybury,Virginia,9/19/2022,FALSE
C0183,Jose Sullivan,petertyler@choi-henry.biz,Port Kelseyfurt,Florida,9/15/2025,FALSE
C0184,Teresa Gonzalez,ahubbard@watson.com,Carolville,Delaware,8/9/2025,FALSE
C0185,Joshua Wood,mbecker@hotmail.com,Robertton,West Virginia,6/16/2024,TRUE
C0186,Amy Davis,victoriajohnson@gmail.com,Jayberg,Alabama,7/27/2025,FALSE
C0187,Mario Davidson,mcknightsherry@gmail.com,Forbesburgh,South Dakota,7/26/2024,FALSE
C0188,Melissa Jackson,jaime21@hotmail.com,Jamesmouth,Georgia,7/12/2024,TRUE
C0189,Jason Campbell,cdaniels@harris-bridges.com,,Iowa,12/12/2022,TRUE
C0190,Monique Bridges,morsekelsey@marsh.com,South Cameronmouth,Oklahoma,12/20/2024,FALSE
C0191,Kimberly Davis,shanemontgomery@garcia.com,South Virginia,Georgia,10/18/2022,TRUE
C0192,Hannah Cook,thomas29@mccarthy.com,Taylorhaven,Alabama,10/27/2023,FALSE
C0193,Cheryl Young,troy45@ray.org,South Erin,Iowa,2/16/2024,TRUE
C0194,Michael Stephenson,christinerogers@daniels.com,West Kennethfort,Texas,12/1/2022,TRUE
C0195,Carrie Hill,hannahcollins@hotmail.com,South Kerri,Louisiana,5/18/2023,TRUE
C0196,Denise Kennedy,vsexton@hotmail.com,Ryanmouth,Nebraska,7/24/2024,FALSE
C0197,Alexis Webster,denise02@gmail.com,Petersonstad,Illinois,10/23/2024,TRUE
C0198,Karen Hill,thomaspeter@howell.com,Weberchester,Pennsylvania,3/22/2025,FALSE
C0199,Tiffany Thompson,smithmelissa@yahoo.com,West Randallmouth,Wyoming,7/10/2023,TRUE
C0200,Charles Sullivan,mitchelljennifer@ramsey.org,East Joseph,New York,2/15/2025,TRUE
C0201,Nicholas Nash,jeffersonmaria@ashley-shaffer.biz,Grossberg,Colorado,10/16/2024,FALSE
C0202,Christina Leon,lrobbins@hotmail.com,Gibbsbury,Vermont,7/19/2024,FALSE
C0203,Ashley Burke,garrett07@jones-mayo.com,South Jenniferhaven,Iowa,10/4/2022,FALSE
C0204,Ashley Archer,anthony00@diaz.biz,Ashleyberg,Maine,10/23/2023,FALSE
C0205,Nancy Diaz,gallaghermichael@hotmail.com,Galvanview,Utah,8/18/2023,TRUE
C0206,Charles Berry,lhorton@gmail.com,Lake Christinastad,Connecticut,5/10/2024,FALSE
C0207,Christy Cook,amber30@hotmail.com,Josephfurt,South Dakota,4/6/2025,TRUE
C0208,Jamie Chapman,smithashley@gmail.com,Port Richard,West Virginia,1/28/2025,FALSE
C0209,Desiree Wright,brandonbeltran@yahoo.com,New Elizabeth,Hawaii,1/22/2023,FALSE
C0210,Jessica Hernandez,warevincent@gmail.com,Cortezside,New Jersey,2/28/2025,FALSE
C0211,Christine Thompson MD,alicia63@hotmail.com,West Tammy,Kansas,10/5/2023,TRUE
C0212,Justin Mclaughlin,qdavis@smith.com,Hodgeport,New Jersey,12/17/2023,TRUE
C0213,Jack Collins,meyerchris@hotmail.com,West Stephanie,Georgia,7/11/2023,TRUE
C0214,Dana Hicks,craigbradley@hotmail.com,Lake Jeremy,Virginia,11/30/2024,TRUE
C0215,Jacob Harrison,robertbennett@gmail.com,South Stephaniemouth,New Mexico,10/24/2023,TRUE
C0216,Jordan Kelly,browndiane@schmitt.com,North Samanthaland,Nevada,4/12/2025,TRUE
C0217,Sean Delacruz,gonzalesrussell@yahoo.com,East Nicoletown,North Dakota,7/15/2024,FALSE
C0218,Shawn Miller,imora@yahoo.com,Kimberlychester,Georgia,8/2/2024,TRUE
C0219,Denise Townsend,mitchellsarah@hotmail.com,Nancyfort,California,7/6/2025,TRUE
C0220,Erica Gray,uhamilton@hotmail.com,East Michaelside,Texas,11/18/2022,FALSE
C0221,Juan Miller,craig67@yahoo.com,West Jakeport,Utah,7/10/2025,TRUE
C0222,Tyler Rose,wmarshall@martin.net,Reginaldton,Vermont,12/4/2023,FALSE
C0223,Patricia Olsen,rodneymoreno@hotmail.com,Port Maria,Wyoming,4/2/2025,FALSE
C0224,Richard Medina,mfrench@johnson.com,Nguyenborough,Nevada,3/21/2023,TRUE
C0225,Mr. Zachary Anderson,perkinsderek@hotmail.com,Danfort,Nebraska,1/28/2025,FALSE
C0226,Angela Rodriguez,nicole62@gmail.com,Hunterberg,Vermont,10/1/2023,FALSE
C0227,Amber Johnson,fgarcia@gmail.com,New Amanda,Nebraska,10/15/2024,FALSE
C0228,Timothy Myers,nathan58@gmail.com,Allenbury,Kansas,6/23/2023,TRUE
C0229,Bobby Mccall,montoyaian@watson-spencer.com,Brooksbury,Illinois,4/7/2023,TRUE
C0230,Jordan Nelson,michelle57@gmail.com,Schneiderview,Oklahoma,5/27/2023,FALSE
C0231,Lisa Allen,wbrown@shaffer-wood.com,West Christopherfurt,South Carolina,6/23/2023,FALSE
C0232,Alexander Smith,wesleycasey@ramirez-adams.com,Mossview,Maine,9/26/2022,FALSE
C0233,Jay Williams,brianhensley@williams-mitchell.net,Parsonsport,Alabama,10/3/2023,TRUE
C0234,Tanya Johnson,nicholasharris@gmail.com,Vancemouth,West Virginia,12/15/2022,TRUE
C0235,Chelsey Porter,smithariana@chung.com,Lindaville,Kansas,4/29/2023,FALSE
C0236,Benjamin Wilkinson,robertbrewer@stewart.com,Port Andrew,Rhode Island,7/27/2025,TRUE
C0237,Matthew Leonard,loganzhang@henderson.org,Carsonhaven,Vermont,2/22/2024,FALSE
C0238,Shaun Hall,alexander76@gmail.com,Jessicabury,Oklahoma,2/10/2023,FALSE
C0239,Kathy Summers,umclean@castaneda-simpson.com,Lake Kevin,Montana,1/24/2025,FALSE
C0240,Scott Soto,karenjohnson@gmail.com,Port Kaylaton,Virginia,2/9/2023,FALSE
C0241,Ashley Wright,russellricky@hotmail.com,Lydiaview,Kentucky,11/16/2023,FALSE
C0242,John Guzman,carolynjones@yahoo.com,Robertsonfort,New York,9/24/2022,TRUE
C0243,Christopher Moore,obowers@tran.com,East Jennifer,Delaware,8/4/2024,TRUE
C0244,Donna Rose,linda82@boyer-collins.com,Munozberg,Rhode Island,10/20/2024,FALSE
C0245,Jordan Martin,pmiller@yahoo.com,Port Heather,Hawaii,4/16/2023,FALSE
C0246,Katherine Cruz,erin78@gmail.com,Melissashire,South Carolina,9/5/2023,FALSE
C0247,Charles Lane,whitejessica@delgado.com,Port Chloehaven,Nebraska,2/22/2023,FALSE
C0248,Don Andrews,tammysweeney@yahoo.com,Carterport,New Hampshire,1/22/2024,TRUE
C0249,Robert Strong,francisjeremiah@pham.com,Lake Nicolechester,Pennsylvania,9/27/2023,TRUE
C0250,Abigail Gilmore,heather46@gomez.com,Harperberg,Nevada,9/29/2023,TRUE
C0251,Tyler Davis,wburns@hotmail.com,East Josephshire,North Carolina,12/8/2023,FALSE
C0252,Jessica Little,matthew11@yahoo.com,Garzatown,Colorado,10/31/2024,FALSE
C0253,Lisa Gonzales,halljulie@gmail.com,New Kendrabury,Illinois,4/16/2023,FALSE
C0254,James Malone,landerson@gmail.com,Lake Samuelchester,Rhode Island,12/13/2023,FALSE
C0255,Michele Mcdowell,mcculloughaudrey@johnson-dennis.com,Courtneytown,Wyoming,12/7/2022,FALSE
C0256,Christina Carpenter,cody25@hotmail.com,Scottberg,Illinois,11/21/2023,FALSE
C0257,Makayla Mcgee,delgadoterry@graham-hoffman.com,New Charlesview,Illinois,5/14/2024,FALSE
C0258,Andrea Mayo,mark64@david.net,Lake Cindy,North Dakota,12/4/2023,FALSE
C0259,Judy Vaughn,murphyanne@gmail.com,Lake Douglas,Louisiana,1/28/2024,FALSE
C0260,Marco Mills,wburnett@bryant.net,West Meredithmouth,South Dakota,3/16/2023,FALSE
C0261,Ashley Hardin,frenchwilliam@rogers.info,New Olivia,New York,1/4/2025,TRUE
C0262,Steven Lee,edward94@yahoo.com,North Carla,Tennessee,12/31/2023,TRUE
C0263,Emma Walton,andersensonya@gray.com,South Jenniferburgh,Delaware,4/6/2025,TRUE
C0264,Amanda Thomas,bwright@yahoo.com,Kennethmouth,Mississippi,7/27/2023,TRUE
C0265,Adrian Stephens,nelsonbrenda@yahoo.com,New Lauraberg,Maine,8/17/2023,FALSE
C0266,Dawn Henry,alan68@ford.com,New Rodneyton,North Carolina,3/10/2024,TRUE
C0267,Drew Hendrix,yallen@gmail.com,Lake Nicole,Alabama,4/30/2025,FALSE
C0268,Joseph Conrad,christine92@yahoo.com,Lake Sarahberg,Indiana,5/28/2025,FALSE
C0269,Danny Martinez,kylejimenez@miller.com,South Kristen,Louisiana,2/24/2024,FALSE
C0270,Rose Simmons,nicole04@gmail.com,Snydermouth,Georgia,9/5/2025,FALSE
C0271,Linda Phelps,nfox@hotmail.com,Blairfurt,Washington,1/1/2024,FALSE
C0272,Kirsten Tran,shawnsmith@dixon.org,Omarmouth,Georgia,10/25/2022,FALSE
C0273,Emily Klein,brendan12@hotmail.com,Myerston,North Dakota,8/24/2023,TRUE
C0274,Jessica Perez,buchananmiranda@gmail.com,Port Joshua,New Mexico,9/7/2023,TRUE
C0275,Devin Lewis,joshuahill@yahoo.com,Cunninghambury,Indiana,12/23/2023,FALSE
C0276,Sherri Herring,scottdavid@howard-bullock.com,South Abigailmouth,Vermont,12/3/2024,TRUE
C0277,Christina King,bsexton@hotmail.com,South Amyville,New Jersey,6/24/2023,FALSE
C0278,Christine Johnson,yherring@jones.info,Donaldhaven,Hawaii,2/27/2025,TRUE
C0279,Christina Barnes,shanemcintyre@yahoo.com,Lake Andrea,Arizona,5/22/2024,TRUE
C0280,Amy Johns,osbornrobert@tran.com,Lake Alexandraside,Alabama,11/14/2024,TRUE
C0281,Donna Kaufman,kburton@yahoo.com,South Richard,Arkansas,4/1/2025,FALSE
C0282,Yvonne Gomez,derekjones@hotmail.com,Lindatown,Vermont,6/29/2024,FALSE
C0283,Hannah Hancock,jillwilliams@hotmail.com,East John,Missouri,9/7/2024,TRUE
C0284,Devin Morales,alicia67@gmail.com,South Kimberly,Nebraska,8/16/2023,FALSE
C0285,Amber Ferguson,nicholas14@wilson-williams.com,South Kevin,Kentucky,10/30/2024,FALSE
C0286,Brenda Davis,stevenromero@lara-carter.com,Port Jermaineside,Pennsylvania,5/3/2024,TRUE
C0287,Jeffery Mercado,crystalmcmahon@yahoo.com,New Isaac,Virginia,2/11/2025,TRUE
C0288,Carrie Smith,mileslisa@yahoo.com,East Jeremy,Utah,10/31/2024,TRUE
C0289,Natalie Fernandez,deborah33@gmail.com,Dawnview,Rhode Island,8/12/2024,TRUE
C0290,Mr. Michael Reid,patricknelson@stevens-davis.com,Bakerville,California,2/4/2025,FALSE
C0291,Daniel Guerra,james31@gmail.com,New Clayton,New Hampshire,10/7/2024,FALSE
C0292,David Ruiz,briansantana@yahoo.com,South Sarahbury,Pennsylvania,2/21/2023,FALSE
C0293,David Ibarra,fedwards@hotmail.com,Lake Joann,Vermont,12/31/2024,TRUE
C0294,Joshua Rose MD,hessconnie@yahoo.com,North Daniel,Illinois,8/7/2023,TRUE
C0295,Jerome Gomez,heidievans@martin.com,West Diana,South Carolina,11/25/2024,TRUE
C0296,Jeremiah Richards,tatethomas@gmail.com,Richardsborough,Nebraska,2/20/2023,FALSE
C0297,Allison Ayala,thompsonjulie@dalton.com,,Hawaii,7/16/2023,TRUE
C0298,David Hodges,amandahenry@gmail.com,Rodriguezstad,New Mexico,10/27/2023,FALSE
C0299,Ellen Curtis,zlewis@hotmail.com,Angelachester,New Hampshire,7/30/2023,FALSE
C0300,Justin Flores,wesley98@hotmail.com,South Jessica,Alabama,4/1/2024,TRUE
C0301,Christina Phillips,michellebryant@gmail.com,Randallhaven,Nevada,2/21/2023,TRUE
C0302,Jacob Watson,bradleyadams@yahoo.com,Port Amy,North Carolina,12/13/2022,FALSE
C0303,Kristen Gross,yfrye@park.biz,Marcview,Wyoming,8/3/2023,TRUE
C0304,Jeffrey Kane,tross@thompson.info,Perezchester,Delaware,2/1/2023,TRUE
C0305,Jessica Smith MD,bmartin@guzman.org,Teresaville,North Carolina,7/12/2023,TRUE
C0306,Todd Vazquez,buckleycindy@norman-wilson.org,Port Veronica,New York,12/26/2022,FALSE
C0307,Brittney Atkins,aguilarjennifer@jackson.com,Port Jessica,Oregon,10/15/2023,TRUE
C0308,Ashley Hanna,samantha18@johnson.com,West Jacobland,Montana,11/18/2023,FALSE
C0309,Thomas Phillips,brandonelliott@morris-maxwell.com,New Sherry,Washington,3/28/2025,TRUE
C0310,Katherine Davis,collinsstephanie@gmail.com,New Victoria,Oklahoma,4/2/2025,FALSE
C0311,Maureen Collier,ichapman@gmail.com,North Randy,South Dakota,12/18/2023,TRUE
C0312,Michael Gomez,jeffrey43@gmail.com,Sherryberg,Indiana,12/31/2024,TRUE
C0313,Michael Briggs,richmondchristopher@hotmail.com,Lindsayhaven,Florida,4/6/2025,TRUE
C0314,Wanda Barr,andreawatson@gmail.com,Wheelermouth,Arizona,1/3/2023,FALSE
C0315,Jason Russell,fordamber@davis.info,Bradyburgh,Massachusetts,2/13/2023,TRUE
C0316,Matthew Walker,rmcdonald@reyes.net,Carlsonbury,New Jersey,6/3/2023,FALSE
C0317,Jessica Crawford,edwardwelch@silva.com,North Gregory,Indiana,2/21/2023,FALSE
C0318,Jennifer Harris,blankenshipmark@harper.com,Leeton,New York,12/28/2022,TRUE
C0319,Jennifer Pena,maxpowers@hughes.biz,Collierville,Texas,2/10/2023,TRUE
C0320,Joseph Brown,thomasreed@underwood.com,Davidport,Louisiana,6/6/2024,FALSE
C0321,David Owens,catherine35@vargas.com,Dawnchester,Iowa,1/2/2024,TRUE
C0322,Tara Gay,imoreno@gmail.com,North Philipmouth,Arizona,2/11/2023,TRUE
C0323,Thomas Schmidt,david75@hotmail.com,South Amyville,Washington,6/23/2023,TRUE
C0324,Ryan Reynolds,tamarasoto@yahoo.com,Christopherside,Rhode Island,9/9/2025,FALSE
C0325,Joanna Moss,matthewedwards@wells-friedman.net,North Madeline,Rhode Island,4/10/2023,TRUE
C0326,Danielle Wright,cynthiaweaver@martin-ware.net,Chadmouth,Virginia,9/13/2024,FALSE
C0327,James Chavez,operry@sanchez.com,East Emilychester,Arizona,2/21/2024,TRUE
C0328,Mariah Erickson,charles73@yahoo.com,North Robertside,Alaska,12/1/2022,TRUE
C0329,Dennis Flores,carpentertyler@crawford.com,New Brittany,South Carolina,2/3/2025,TRUE
C0330,Matthew Byrd,joseph08@hotmail.com,Lesliehaven,Pennsylvania,12/20/2022,TRUE
C0331,Leah Ashley,brendaday@brooks.info,Longfort,California,1/12/2025,TRUE
C0332,Heather Cervantes,robertphillips@gmail.com,Welchmouth,Michigan,4/1/2025,FALSE
C0333,Amanda Wong,doylebrittany@yahoo.com,New Janiceshire,South Dakota,11/21/2022,FALSE
C0334,Michael Gonzales,jacosta@hotmail.com,East Deannabury,Maine,3/18/2024,TRUE
C0335,Joy Price,sandovalkenneth@wagner.com,Port Elizabethbury,Alaska,10/3/2022,TRUE
C0336,Jeffrey Hubbard,ukelly@gonzales-neal.com,Mcintyreborough,Iowa,9/19/2023,TRUE
C0337,Christopher Parker,joel43@burke.info,East Jack,Alaska,3/21/2023,FALSE
C0338,Andrea Burns,allenalyssa@yahoo.com,New William,Nebraska,3/30/2023,TRUE
C0339,Blake Cole,leahbender@gmail.com,Rojasside,Arizona,1/7/2024,FALSE
C0340,Kelly Hayes,dprice@yahoo.com,Johnhaven,Arkansas,3/5/2023,FALSE
C0341,Tony Maxwell,mendozaryan@anderson.com,West Angela,Alaska,1/25/2023,FALSE
C0342,Joseph Hardy,okennedy@hotmail.com,North Kyle,Kentucky,6/21/2023,TRUE
C0343,Shaun Huang,tstewart@hotmail.com,East Tyrone,Hawaii,1/6/2024,TRUE
C0344,William Adams,kristi90@hotmail.com,West Emily,West Virginia,9/28/2024,FALSE
C0345,Regina Sanchez,floresmichael@hobbs.info,Greenemouth,Illinois,9/23/2023,TRUE
C0346,Catherine Young,whayes@yahoo.com,Mullinston,Idaho,7/20/2023,TRUE
C0347,Dana Carson,carlostaylor@gmail.com,Thompsonview,New York,12/25/2024,FALSE
C0348,Travis Brown,alexandria26@hotmail.com,East Jamesmouth,Louisiana,3/15/2023,FALSE
C0349,Philip Merritt,codywoodard@holloway.com,North Mary,North Dakota,4/19/2025,FALSE
C0350,Jose Roy,lmunoz@gmail.com,Yanghaven,Nevada,1/3/2025,TRUE
C0351,Wendy Walton,angelawalker@yahoo.com,South Graceshire,Maryland,6/18/2024,FALSE
C0352,Allison Rogers,james30@burns.com,Gravesview,North Carolina,12/15/2023,TRUE
C0353,Andrew Kerr,jhopkins@walton-bailey.com,West Timothyton,Montana,1/5/2023,FALSE
C0354,Kathleen Garrett,csanchez@hotmail.com,South Lisamouth,Indiana,5/16/2024,FALSE
C0355,Andrew Day,hwalker@hotmail.com,Juanburgh,Vermont,5/9/2023,FALSE
C0356,Gloria Quinn,pbauer@yahoo.com,Michelleville,Wyoming,8/16/2023,FALSE
C0357,Jeremy Walker,dgonzales@gmail.com,East Jesseport,Alaska,3/29/2023,TRUE
C0358,Edward Stein,walkererica@frederick.biz,Alexanderchester,Delaware,11/21/2024,TRUE
C0359,Robert Bailey,mary64@gmail.com,New Michael,Minnesota,7/3/2025,FALSE
C0360,Daniel Boyd,agarcia@garrett.com,Robertshire,Wyoming,5/11/2023,FALSE
C0361,Kayla Hubbard,uholloway@hotmail.com,East Aaron,Alaska,7/11/2025,TRUE
C0362,Darlene Stone,jonathan59@harris.com,Port Jeremy,South Dakota,7/12/2025,FALSE
C0363,Christina Lopez,katrina82@hotmail.com,West Jody,Iowa,2/14/2024,FALSE
C0364,Karen Brennan,coffeydebra@yahoo.com,West Bryan,Montana,4/18/2024,FALSE
C0365,Valerie Blankenship,garciavirginia@gmail.com,Ortegaborough,California,9/19/2023,TRUE
C0366,Courtney White,phillipsbrad@navarro.biz,Williamsport,Colorado,3/24/2025,TRUE
C0367,Robert Graves,wstark@hotmail.com,Thomasside,Missouri,5/24/2025,FALSE
C0368,Dylan Evans,shannon56@hotmail.com,Shelbyborough,Virginia,9/2/2025,TRUE
C0369,Kelly Romero,barnessandra@gmail.com,North Christopher,Wisconsin,10/13/2022,FALSE
C0370,Leslie Freeman,yjones@evans-knapp.org,Charlesburgh,Missouri,5/25/2024,FALSE
C0371,Brandon Sandoval,andersonjoshua@gmail.com,Sandystad,North Carolina,7/4/2023,FALSE
C0372,Sophia Marshall,elizabethhernandez@hotmail.com,Thomasborough,Tennessee,12/5/2022,FALSE
C0373,Audrey Jensen,julie09@yahoo.com,West Mariafurt,Tennessee,5/2/2024,TRUE
C0374,Miranda Bond,stephensmarissa@warren.info,South Andreahaven,Texas,2/11/2024,TRUE
C0375,Lisa Howard,kevin03@rojas-lee.com,Paulshire,Georgia,1/28/2023,TRUE
C0376,Nancy Phelps,morganmorgan@yahoo.com,North Sharon,Indiana,1/6/2025,FALSE
C0377,Christopher Barker,anna36@casey.com,East Shawn,Oregon,12/18/2022,TRUE
C0378,Ronald Krueger,simonkatherine@gmail.com,South Christophertown,Nevada,5/27/2025,TRUE
C0379,Bradley Gonzales,mcbridecourtney@hotmail.com,New Brendanville,Ohio,7/30/2023,TRUE
C0380,Heather Elliott,medinadiana@brown-berry.info,Port Lauren,Georgia,4/9/2024,TRUE
C0381,Trevor Simpson,brittanymontgomery@williams.com,Laurenside,Washington,12/21/2022,TRUE
C0382,Joseph Lee,ryanriley@hotmail.com,Reedside,Texas,4/16/2023,TRUE
C0383,Andrea Crawford,mathewspencer@yahoo.com,Ronaldtown,Illinois,2/16/2023,TRUE
C0384,Valerie Dorsey,skim@spencer.com,North Aprilchester,Kansas,5/23/2024,FALSE
C0385,Jose Craig,randygonzalez@watson.org,South Richard,Wisconsin,3/27/2025,TRUE
C0386,Tony Dickerson,williamnguyen@cook.com,New Walterchester,Connecticut,9/2/2025,TRUE
C0387,Susan Davis,john88@hotmail.com,West Sonya,Michigan,6/3/2024,TRUE
C0388,Mikayla Reed,adam04@rodriguez-dixon.info,South Stevenborough,Oklahoma,4/2/2024,FALSE
C0389,Sandra Grant,jonathan73@hotmail.com,Tonyport,Tennessee,2/7/2023,FALSE
C0390,James Guzman,kim09@fleming-beasley.com,Lake Seanfort,Massachusetts,11/26/2024,TRUE
C0391,Kevin Blake,richardnguyen@gmail.com,West Barbaraport,Oregon,10/15/2023,TRUE
C0392,Keith Hinton,solismatthew@villegas.net,Jacksonside,Wyoming,3/25/2025,FALSE
C0393,Peter Powell,vargasdonald@davis.com,Jessicastad,Oregon,7/16/2025,FALSE
C0394,Patrick Andrews,tkerr@williams.com,Smallburgh,Nevada,1/11/2023,TRUE
C0395,Juan Hood,hillryan@hotmail.com,Lake Kevinland,Pennsylvania,11/20/2022,TRUE
C0396,Paul Dyer,fjacobs@blake.com,Pamelashire,Maine,1/2/2023,TRUE
C0397,Theresa Oconnor,lauriestevens@howell-bradley.com,West Shannonberg,Wisconsin,2/10/2025,FALSE
C0398,Michael Rivera,anthony74@lane-richards.info,Kellyfurt,Virginia,8/19/2024,FALSE
C0399,Thomas Brown,jasmine21@mcdonald-austin.com,North Stevenport,Georgia,5/22/2023,FALSE
C0400,Jonathan Mills PhD,jay92@jackson.com,North Stephaniefort,Wisconsin,6/8/2023,TRUE
C0401,Erin Berry,lschultz@callahan-sanchez.net,Haleyville,Missouri,11/17/2022,TRUE
C0402,Jennifer Hunt,meghanlewis@collins-morris.net,West Nicole,Massachusetts,12/2/2022,FALSE
C0403,Jonathan Lam,bsmith@hotmail.com,Brownstad,Minnesota,7/28/2024,FALSE
C0404,Grace Pena,timothy01@houston.net,Michaelmouth,Texas,7/16/2023,FALSE
C0405,John Watson,scottjacob@green.info,Lake Anthony,Iowa,2/23/2024,FALSE
C0406,Phillip Mendoza Jr.,mary85@baker.org,Lake Rubenshire,Michigan,1/13/2024,TRUE
C0407,Marcia Mccarthy,michael82@hotmail.com,Port Nicole,Georgia,2/7/2023,FALSE
C0408,Madeline Shepherd,amandagreen@yahoo.com,Garrisonview,Alabama,11/28/2023,FALSE
C0409,Kenneth Oconnor,wolfjesse@wilson.com,South Benjaminstad,New Jersey,4/5/2025,FALSE
C0410,Shannon Fischer,gonzalezmatthew@horn.com,Keithburgh,Nebraska,6/16/2023,FALSE
C0411,Kelsey Rodgers,ibeck@ross-lyons.net,Dominiqueburgh,Rhode Island,9/25/2022,TRUE
C0412,Lisa Collins,bridget52@crawford-weaver.info,East David,New Hampshire,3/1/2025,TRUE
C0413,Kara Potts,whiteterry@gmail.com,North James,West Virginia,2/13/2025,FALSE
C0414,Joseph Brown,russellrobertson@gmail.com,Robinsonbury,Illinois,2/14/2023,TRUE
C0415,Brandi Roman,genefox@hotmail.com,Hortonberg,Washington,12/3/2024,TRUE
C0416,Robert Hayes,lucerokimberly@hotmail.com,New Brenda,North Dakota,9/27/2022,TRUE
C0417,Jade Lopez,thompsongerald@yahoo.com,South Danielfurt,Oregon,3/3/2024,FALSE
C0418,Antonio Pearson DDS,jrogers@richards.com,Anthonyhaven,Nebraska,1/9/2024,TRUE
C0419,Stephanie Miller,ellenramirez@davis.info,Dunnville,Oklahoma,12/26/2023,FALSE
C0420,Daniel Thomas,hayeslindsey@jordan.com,Lake Megan,Minnesota,5/23/2023,TRUE
C0421,Angela Sanders,raymond12@gmail.com,Morrisfort,Connecticut,8/31/2024,TRUE
C0422,Amy Garcia,kathleen08@yahoo.com,Angelafort,West Virginia,11/12/2022,TRUE
C0423,Kimberly Ball,ymorales@davis.org,West Jenniferton,New Mexico,7/1/2023,TRUE
C0424,Jackie Gonzalez,russelljean@hotmail.com,North Jeremytown,Louisiana,7/31/2025,TRUE
C0425,Jason Owens,fjackson@saunders.com,South Cynthiahaven,Oregon,4/4/2025,FALSE
C0426,Laura Larson,natalie78@smith-thomas.com,Port Darlene,Nevada,12/30/2023,FALSE
C0427,Kelly Rivera,benjaminbruce@zuniga.org,Lake Evanmouth,Alabama,2/21/2023,FALSE
C0428,Willie Riley,matthewlong@yahoo.com,Port Traci,Nebraska,8/10/2025,TRUE
C0429,Christopher Hodges,deckeranthony@smith-nguyen.info,Josephtown,Hawaii,5/2/2025,FALSE
C0430,Shelly Washington,whitemelissa@gmail.com,Seanhaven,Maryland,9/4/2024,FALSE
C0431,George Alexander,wilkinsonjose@yahoo.com,Daleview,South Dakota,11/13/2022,FALSE
C0432,Lawrence Herman,gwhitaker@gmail.com,Lake Elizabeth,Idaho,3/7/2025,FALSE
C0433,Donald Bolton,stacey82@gmail.com,Lake Amy,Missouri,5/17/2024,FALSE
C0434,Maria Page,dylanhunter@johnson-dixon.net,New Joy,Louisiana,8/16/2023,TRUE
C0435,Lisa Simon,samuelnorton@thomas.net,,Hawaii,12/27/2023,TRUE
C0436,Nicholas Blanchard,matthewprice@cobb.org,Gallagherside,Virginia,10/4/2022,FALSE
C0437,Sandra Jones,mgarcia@reynolds.com,South Michaelland,Florida,12/7/2023,TRUE
C0438,Christina Davis,stevenwhite@davis.com,Vasquezhaven,Tennessee,3/10/2024,TRUE
C0439,Valerie Livingston,maxwellmartin@yahoo.com,South Daniel,Iowa,3/30/2024,TRUE
C0440,Steven Lopez,bobgonzales@cantrell-collins.com,Robinsontown,Illinois,10/27/2024,FALSE
C0441,Leslie Miller,jonathanhuang@yahoo.com,Port Jenniferfort,Kentucky,9/1/2023,FALSE
C0442,Debra Contreras,debbie31@yahoo.com,South Scottland,Missouri,9/19/2022,TRUE
C0443,Kristin Evans,kristopherbenson@porter.org,East Ryanbury,Iowa,7/20/2023,TRUE
C0444,Kara Sanchez MD,shawdavid@yahoo.com,Troymouth,Tennessee,5/25/2023,FALSE
C0445,Kevin Paul,edwardhamilton@gmail.com,North Brian,Delaware,5/19/2025,FALSE
C0446,Charles Mack,stephendurham@roberts.org,East Gary,New Jersey,5/13/2024,TRUE
C0447,Melissa Herman,anthonymartinez@gmail.com,New Angel,California,3/14/2024,FALSE
C0448,Melinda Ramirez,millercurtis@barrett.info,Burnsfurt,California,1/29/2025,TRUE
C0449,Matthew Cowan,brittany00@martin.net,Alexandermouth,Louisiana,5/20/2024,TRUE
C0450,Kimberly Simmons,alfred08@stephens-gonzales.net,South Jacqueline,Georgia,5/13/2023,FALSE
C0451,Felicia Brown,xnelson@owens.com,West Amandamouth,Idaho,9/12/2024,TRUE
C0452,Darryl Beck,tara77@gonzales.com,North Angelaville,New Mexico,1/12/2023,FALSE
C0453,Rebecca Farmer,jonathan72@sparks-robinson.info,West Tommy,North Dakota,8/4/2023,FALSE
C0454,Matthew Hanson,ojensen@wilson.info,North Robertmouth,Montana,11/21/2023,FALSE
C0455,Dawn Moreno,john93@strong.net,East Matthewstad,Hawaii,12/12/2022,TRUE
C0456,Christopher Castillo,davidlee@gmail.com,New Thomas,Missouri,2/20/2025,FALSE
C0457,Kenneth Long,kbender@gmail.com,West Tiffanychester,Texas,1/28/2023,FALSE
C0458,David Hill,amandatanner@gmail.com,East Kaylahaven,South Carolina,7/21/2025,TRUE
C0459,Shane Greene,hallchristopher@clark.net,Millerside,Idaho,11/19/2022,FALSE
C0460,Lauren Kelley,warddanielle@vaughn.com,Port Bryanstad,Colorado,12/1/2022,TRUE
C0461,Carlos Moore,xpalmer@farmer.info,Lake Briannaside,North Dakota,11/19/2023,FALSE
C0462,Monica Golden,wandaodom@cole.com,New Robertberg,Maine,1/16/2024,TRUE
C0463,Matthew Stanley,william48@yahoo.com,Susanville,Colorado,11/25/2024,FALSE
C0464,Jennifer Parker,anthony96@gmail.com,South Billy,Michigan,7/10/2024,FALSE
C0465,Michael Spencer,crawfordaaron@jacobson-torres.com,New Garrettville,Maryland,2/19/2025,FALSE
C0466,Joseph Gardner,tjackson@hotmail.com,Denisebury,New Mexico,2/14/2024,FALSE
C0467,Timothy Neal,joneskevin@taylor.com,West Alyssa,Pennsylvania,2/25/2024,TRUE
C0468,Stacy Pope,nicholssamantha@lawrence-gomez.info,Alexisfurt,Wyoming,4/28/2025,TRUE
C0469,Mrs. Cynthia Pratt,derek01@gmail.com,Scottport,Minnesota,5/25/2025,FALSE
C0470,Kevin Johnson,bnewman@vance-miller.com,New Karl,Indiana,10/17/2023,TRUE
C0471,Ashley Forbes,taragarcia@hatfield-williams.biz,Greeneland,New Jersey,10/26/2022,FALSE
C0472,Joseph Greene,charles34@yahoo.com,Lake Brianmouth,Alaska,10/30/2023,FALSE
C0473,Jessica Silva,jessica84@gmail.com,New Andrewbury,Utah,8/6/2025,TRUE
C0474,Yvonne Gardner,ycoffey@williams-cannon.com,Millerchester,Louisiana,8/25/2024,FALSE
C0475,Kyle Montgomery,jacksonkeith@obrien-fuller.info,Reynoldsview,Texas,6/7/2025,TRUE
C0476,Samantha Short,mooretodd@yahoo.com,North Ashley,Iowa,1/2/2025,TRUE
C0477,Peter Payne,rebeccaallen@gmail.com,Ninaburgh,Mississippi,7/22/2024,FALSE
C0478,Sarah Campbell,roypeterson@hotmail.com,Edwardsmouth,Pennsylvania,10/28/2024,FALSE
C0479,Leslie Cox,jschneider@oconnell.net,North Deborah,Arizona,7/3/2023,TRUE
C0480,Elizabeth Thompson,sarah43@anderson.com,Jeffreyhaven,Kansas,5/10/2024,TRUE
C0481,Teresa Bryant,john95@rasmussen-acevedo.info,Josephmouth,New Jersey,8/15/2025,FALSE
C0482,Brian Kennedy,thomashector@scott-mcmahon.com,East Joshua,Colorado,8/6/2025,FALSE
C0483,Caitlyn Guerrero,wgarza@jones-garcia.info,Louisfurt,Massachusetts,8/28/2023,TRUE
C0484,Jeremy Wilson,nelsonashley@owens.net,Willistown,Indiana,6/14/2024,TRUE
C0485,Timothy Hernandez,davidweiss@clark.info,Janetport,Georgia,2/25/2023,TRUE
C0486,James Jennings,matthew07@vargas.info,Wardhaven,Washington,11/11/2023,TRUE
C0487,Todd Hutchinson,valerieduncan@wilson.org,Wilsonside,South Carolina,5/17/2023,FALSE
C0488,Michael Lowe,vbrown@ewing.biz,West Susanport,Tennessee,11/20/2022,TRUE
C0489,Peggy Bailey,dmoore@gmail.com,Davisshire,New Hampshire,2/7/2023,FALSE
C0490,Robert Fox,jeffrey21@hotmail.com,Port Brian,New Hampshire,2/14/2025,TRUE
C0491,Luis Myers,alexanderbradley@tyler.com,Port Alyssa,Utah,7/10/2024,FALSE
C0492,Bradley Lopez,simmonsdwayne@yahoo.com,Tracyhaven,South Dakota,11/13/2022,TRUE
C0493,Anita Thompson,pamelaerickson@dyer.com,West John,New Mexico,10/17/2023,FALSE
C0494,Anne Edwards,colleen44@martinez-nguyen.com,Lake Codychester,Pennsylvania,10/14/2024,TRUE
C0495,Jennifer Robinson,turnermichael@hotmail.com,Walkerland,North Dakota,9/17/2022,FALSE
C0496,Kathryn Lopez,kreynolds@green-miller.com,Lake Michaelburgh,South Dakota,1/21/2023,TRUE
C0497,Michelle Black,donald13@hotmail.com,West Priscilla,South Dakota,9/11/2025,TRUE
C0498,Rick Roberts,tbutler@hotmail.com,Erikamouth,Pennsylvania,1/6/2024,TRUE
C0499,Nina Higgins,john56@yahoo.com,Hufffurt,North Dakota,5/23/2024,TRUE
C0500,Robin Tran,mbaker@ross.org,Lake Yvettefort,Delaware,7/28/2024,TRUE
C0501,Monica Goodwin,lhunter@walter-ali.com,South Patricia,Nevada,6/28/2025,TRUE
C0502,Amber Golden,timothy36@washington.com,Zhangtown,Rhode Island,3/2/2025,FALSE
C0503,Leslie Diaz,michaelallen@lee-dalton.com,Smithfurt,South Dakota,11/19/2023,TRUE
C0504,Tracy Kelly,amy79@ward.org,Nunezburgh,Indiana,4/4/2023,TRUE
C0505,Jeremiah Rhodes,haneykenneth@yahoo.com,North Ashleyshire,Massachusetts,5/3/2024,FALSE
C0506,Sue Lopez,larry25@hotmail.com,Lesterfort,Iowa,12/22/2024,TRUE
C0507,Sara Stokes,wendy41@scott.org,Ellistown,South Carolina,11/21/2023,TRUE
C0508,Brian Ellis,adam73@mitchell.net,West Megan,West Virginia,9/3/2024,FALSE
C0509,Anthony Wilson,clarknicholas@morales-harmon.biz,Port Lisastad,Idaho,11/11/2022,TRUE
C0510,Thomas Harrell,rhondamiller@gmail.com,Manuelview,New Jersey,7/8/2024,FALSE
C0511,Robin Romero,michaelwilkinson@johnson.com,South Jeffrey,Virginia,7/16/2025,FALSE
C0512,Ashley Archer,odomallison@williams.info,Spenceville,Texas,5/11/2023,FALSE
C0513,Emily White,fisherjessica@hotmail.com,South Tricia,Missouri,11/7/2023,FALSE
C0514,Joel Fleming,molly97@hotmail.com,Lake Joshuashire,Montana,7/21/2023,TRUE
C0515,Lori Williams,hbrown@yahoo.com,Lake Chadmouth,Idaho,3/29/2024,FALSE
C0516,Kyle Oconnor,johnsonscott@gmail.com,East Sydney,Oklahoma,8/6/2023,FALSE
C0517,Bryan Schneider,garrett15@murphy-scott.com,New Tylerstad,Maryland,2/28/2024,TRUE
C0518,Jennifer Maldonado,vickieharris@hotmail.com,West James,Indiana,2/12/2024,FALSE
C0519,Calvin Casey,jennifer53@smith.com,Michaelburgh,Minnesota,3/21/2023,TRUE
C0520,Emily Mosley,guerrakeith@navarro-liu.org,Dianabury,North Dakota,1/29/2025,TRUE
C0521,Christopher Ramos,watkinsgabriel@little-gates.com,West Johnbury,Montana,5/19/2024,FALSE
C0522,Kristy Bean,kylesimpson@hanson.com,New Paul,Indiana,6/11/2024,FALSE
C0523,Amber Schneider,maciaschristopher@hendricks.org,East Cassandrafurt,Tennessee,8/16/2023,FALSE
C0524,Terrance James,jonesricardo@yahoo.com,East Michael,Maryland,3/28/2023,TRUE
C0525,William Escobar,novakkrystal@yahoo.com,Julieton,Illinois,6/5/2025,TRUE
C0526,Veronica Mcneil,jasmine61@miller.com,Amyberg,North Dakota,1/9/2024,FALSE
C0527,Dustin Ramirez,mckeedouglas@williams.com,South Aprilborough,Illinois,3/1/2025,FALSE
C0528,Kathryn Castro,elizabeth57@logan-harvey.com,Ortizberg,Maine,10/5/2023,FALSE
C0529,Laura Bowman,ellischristian@klein.net,South Austinburgh,New Mexico,11/13/2024,FALSE
C0530,Michael Tran,kevinclark@salazar.com,West Michael,Kentucky,6/6/2024,FALSE
C0531,Brittany King,dixongregory@livingston.net,West Aaron,Washington,9/26/2023,FALSE
C0532,Felicia Logan,angela02@miller-williams.com,North David,Iowa,5/6/2024,TRUE
C0533,Jessica Shaw,carl47@gmail.com,Port Stevenport,Oklahoma,2/22/2025,FALSE
C0534,Jordan Meyer,vrodriguez@long.info,Rebeccaton,Delaware,6/17/2024,TRUE
C0535,Kelly Carter,kristenlucero@yahoo.com,East Michaelborough,New Mexico,11/11/2024,TRUE
C0536,David Schwartz,richard89@downs-cobb.net,Justinfurt,Utah,2/9/2024,TRUE
C0537,Gloria Hernandez,tuckercassidy@yahoo.com,North Jeffrey,Michigan,9/17/2024,FALSE
C0538,David Jones,sherrydyer@greer-george.com,North Veronica,West Virginia,10/2/2023,FALSE
C0539,Colleen Coleman,aprilpowell@gmail.com,Edwardsmouth,New Jersey,4/1/2025,FALSE
C0540,Jeffrey Hughes,mkim@hotmail.com,North Stephaniehaven,Colorado,10/5/2022,FALSE
C0541,Melanie Wallace,tracy67@dean.com,East Billyville,Texas,10/29/2023,TRUE
C0542,Mary Lane,jimenezandrew@yahoo.com,Christophermouth,Pennsylvania,5/25/2025,TRUE
C0543,Monique Pacheco,jeanettehickman@hotmail.com,West Joseph,New Jersey,10/11/2022,FALSE
C0544,Melissa Perez,frederickjoshua@gmail.com,Jennifershire,Arkansas,1/11/2025,TRUE
C0545,Bryan Bryan,markwelch@rodriguez-white.org,Brendachester,North Dakota,7/15/2023,FALSE
C0546,Mariah Gutierrez,esmith@anderson.com,Lewisfort,Alaska,11/26/2023,FALSE
C0547,Nicole Alvarado,avilacassandra@hanson.com,South Nicholas,Pennsylvania,4/17/2024,FALSE
C0548,Jerry Sanchez,klynch@yahoo.com,,Montana,9/18/2022,TRUE
C0549,Christine Gilbert,xgonzalez@yahoo.com,West Kendra,Alaska,6/30/2025,FALSE
C0550,Krista Hancock,michaelrodriguez@gmail.com,Johnsonville,Missouri,11/8/2023,TRUE
C0551,Julie Villegas,johnnywhite@yahoo.com,East Dustin,Minnesota,12/6/2023,TRUE
C0552,Kyle Tran,fuentescarl@gmail.com,Phelpsstad,Missouri,12/6/2023,TRUE
C0553,Courtney Lopez,ipeters@ortiz.com,New Courtney,North Carolina,7/3/2024,FALSE
C0554,Nicholas Cooke,jroberts@white.com,Port Stephen,Wyoming,9/30/2023,TRUE
C0555,Wendy Roman,catherinemorris@smith-kline.info,Nelsonmouth,Wyoming,5/24/2023,FALSE
C0556,Stephen White,timothyfisher@gmail.com,Edwardston,Arizona,9/12/2023,FALSE
C0557,Erica James,melanie49@yahoo.com,Jacksonberg,Ohio,6/5/2023,TRUE
C0558,Patrick Lewis,michelle27@rangel.com,East Stephanie,Georgia,6/21/2024,FALSE
C0559,Frank Benson,patrick04@yahoo.com,Loriton,Iowa,5/24/2023,TRUE
C0560,Miranda Wagner,ftyler@hotmail.com,West Mario,Nevada,2/6/2024,FALSE
C0561,Michael Morrow,lyonsdeanna@villarreal.com,Orrborough,Rhode Island,2/8/2024,TRUE
C0562,April Lopez,hbruce@kaiser.com,New Tracy,Iowa,6/8/2023,TRUE
C0563,Leah Douglas,qhall@hood-collins.com,East Nicoleton,Wyoming,2/12/2024,FALSE
C0564,Jason Price,bradleybrandon@vincent.net,Orrshire,Utah,4/22/2023,TRUE
C0565,John Jones MD,sandrascott@price.net,West Cathyview,North Dakota,1/30/2025,FALSE
C0566,Michele Johnson,wduffy@walsh-mayer.com,South Sharonbury,South Dakota,6/5/2024,TRUE
C0567,Rita Stevens,johnlee@yahoo.com,Bryanberg,Utah,2/4/2024,TRUE
C0568,Brian Luna,fwilliamson@hotmail.com,Victorialand,Arkansas,4/18/2025,TRUE
C0569,Angel Mercado,oboone@hotmail.com,Nicholasshire,Wisconsin,7/16/2025,TRUE
C0570,Brooke Higgins,tpatel@gmail.com,Port Amy,Maine,12/26/2023,FALSE
C0571,Daniel May,jennifer95@hotmail.com,Lopezbury,Oklahoma,1/30/2025,FALSE
C0572,Cassandra Wells,martinpaul@hotmail.com,Michellestad,Kansas,11/12/2024,TRUE
C0573,Rachel Burnett,yoderjasmine@maynard-thomas.com,North Jeremyshire,Connecticut,8/4/2023,TRUE
C0574,Priscilla Farrell,mcollins@yahoo.com,Karenberg,Colorado,6/15/2023,TRUE
C0575,Elizabeth Wilson,michaelsimpson@gmail.com,Hughesberg,Tennessee,12/10/2024,FALSE
C0576,Jose Arroyo,tinamassey@gmail.com,Timothyton,Indiana,5/28/2024,FALSE
C0577,Daniel Perez,cheyennejones@rodriguez.org,Johnsonstad,Ohio,2/23/2024,TRUE
C0578,Julia Ortiz DDS,tammywhite@ross.com,South Josephville,Vermont,8/21/2025,TRUE
C0579,Jennifer Johnston,walkerteresa@yahoo.com,Lake Raymond,Rhode Island,11/5/2024,TRUE
C0580,Janice Lee,collinsamy@yahoo.com,Marcusland,Illinois,4/12/2024,FALSE
C0581,Jasmine Wilson,crush@hotmail.com,Susanville,Iowa,10/23/2023,TRUE
C0582,Christopher Long,sandersoscar@yahoo.com,Joechester,Utah,9/5/2023,FALSE
C0583,Brandon Duke,wrich@gmail.com,West Kevin,Kentucky,4/24/2023,TRUE
C0584,Andrew Hernandez,millerbruce@wheeler-ruiz.info,East Johnview,California,4/28/2025,TRUE
C0585,David Phillips,lisawoodard@yahoo.com,Chrisland,Texas,2/8/2025,FALSE
C0586,Keith Miller,osuarez@aguilar.com,Phillipsborough,Delaware,8/21/2025,TRUE
C0587,Jeremy Allen,kaitlyn57@yahoo.com,New Markside,Vermont,2/14/2025,TRUE
C0588,David Jacobs,mirandajones@hotmail.com,South Courtneyfort,Virginia,1/26/2024,TRUE
C0589,Mark Potter,boylesteven@powers.biz,Lake Reginaton,Ohio,7/29/2023,FALSE
C0590,Todd Martin,jcox@gmail.com,East Jeffrey,Indiana,3/2/2023,FALSE
C0591,Nathaniel Lyons,janderson@king.net,Stevenborough,New York,7/16/2024,TRUE
C0592,Gregory Gonzalez,jessicasoto@hotmail.com,Alexandertown,Delaware,9/8/2024,TRUE
C0593,Debbie Rodriguez,kristinbrooks@mcconnell-hernandez.com,South Jessica,Montana,8/7/2025,TRUE
C0594,Brian Gonzalez,martinezdennis@yahoo.com,West Gregoryville,West Virginia,4/25/2023,TRUE
C0595,Cody Porter,fgarrett@robinson.com,Natalieland,Mississippi,8/24/2023,TRUE
C0596,Richard Tyler,cwatson@murphy.com,Derekborough,Washington,6/15/2024,TRUE
C0597,Maxwell Benton,cheryljimenez@hotmail.com,Martinville,Ohio,4/3/2023,TRUE
C0598,Dawn Johnson,nguyenwilliam@barnes.com,West Andre,Georgia,2/8/2025,FALSE
C0599,Alejandra Pugh,sheenanovak@yahoo.com,Port Austin,Ohio,9/16/2024,TRUE
C0600,Erin Kidd,williamssheila@gmail.com,Lake Joy,North Carolina,2/22/2023,TRUE
C0601,Kaitlyn Gardner,victorfrost@hotmail.com,Johnside,Montana,4/1/2023,FALSE
C0602,Tracy Rivera,caitlinespinoza@morrison.biz,Victorshire,Illinois,9/28/2024,TRUE
C0603,Jessica Flores,ashleerodriguez@jarvis-park.org,Lake Richard,Kansas,1/18/2025,FALSE
C0604,Lawrence Atkins,peter11@hotmail.com,Trevorshire,Washington,1/25/2025,TRUE
C0605,Debra Young,mcgeerobert@price.com,Ellisberg,Indiana,8/20/2023,FALSE
C0606,Corey Walker,rossjessica@hotmail.com,Caitlinborough,Rhode Island,7/9/2024,TRUE
C0607,Mckenzie Goodman,millertimothy@gmail.com,Mooretown,Utah,10/18/2022,FALSE
C0608,Kyle Yoder,sandrahernandez@davis-sharp.com,Port Bryan,Utah,11/10/2024,FALSE
C0609,Shannon Lopez,heather40@nguyen.com,North Jessica,Washington,7/2/2024,FALSE
C0610,Vincent Henderson,raymondjames@joseph-hoffman.net,Lake Ralph,Wisconsin,2/21/2024,TRUE
C0611,Thomas Hamilton,juliahartman@hotmail.com,North Gregorytown,Kentucky,3/11/2023,TRUE
C0612,William Brewer,lambertthomas@jones.org,Smithshire,Kansas,4/8/2023,FALSE
C0613,Eric Gray,shannonperez@yahoo.com,Kevinport,Wisconsin,8/12/2023,TRUE
C0614,Jonathan Pennington,gregoryowen@morales.com,Hardinfort,South Carolina,6/17/2025,TRUE
C0615,Christopher Williams,sandracamacho@johnson.com,New Jessica,Michigan,2/19/2023,FALSE
C0616,William Mccarthy,rarmstrong@koch.net,Port Stephen,Hawaii,11/19/2024,TRUE
C0617,Dr. Seth Holder,stephenthomas@gray.com,Sandovalmouth,Arkansas,4/22/2025,TRUE
C0618,Nancy Higgins,nicole89@hotmail.com,North Thomas,Massachusetts,11/13/2024,FALSE
C0619,Kelly Fischer,teresagonzalez@yahoo.com,South Lauren,Alaska,3/20/2025,TRUE
C0620,Stephanie Nicholson,tbailey@yahoo.com,North Bryanport,Arkansas,2/25/2023,TRUE
C0621,Mr. Geoffrey Chapman,idean@yahoo.com,Port Nathan,Colorado,4/23/2025,FALSE
C0622,Terry Allen,obrewer@allen.com,Fishershire,Alabama,5/9/2025,TRUE
C0623,Katie Henderson,julieking@gmail.com,Robertsside,Oklahoma,9/27/2024,TRUE
C0624,Daniel Drake,michaelhunt@yahoo.com,Nicoleshire,Vermont,6/15/2024,FALSE
C0625,Kimberly Hernandez,ojohnson@russell-austin.biz,South Scott,Washington,9/15/2024,TRUE
C0626,Amanda Rose,dwashington@johnson.com,Danieltown,Kentucky,8/25/2023,FALSE
C0627,Philip Martin,michael28@yahoo.com,Craigmouth,Florida,1/7/2023,FALSE
C0628,Joseph Nicholson,marcus91@rivera.com,New Kristina,Alabama,2/14/2025,FALSE
C0629,Stephanie Snyder,taylorfelicia@miller.com,Port April,Kentucky,3/22/2024,TRUE
C0630,Brianna Kim,francis75@yahoo.com,South Jessicastad,New York,9/18/2024,TRUE
C0631,Joseph Glass,patriciajohnson@pruitt.com,Patriciachester,Pennsylvania,7/17/2023,TRUE
C0632,Anna Olson,jonathancantu@gmail.com,Clementsstad,Illinois,2/4/2023,TRUE
C0633,Angelica English,carol84@gmail.com,East Justinhaven,Iowa,5/5/2024,FALSE
C0634,Susan Gibson,lsnyder@gutierrez.com,Andrewtown,Wisconsin,3/22/2024,FALSE
C0635,Taylor Diaz,susan08@sutton.com,Port Angela,New Mexico,6/13/2025,TRUE
C0636,Andrea Bryant,whodge@yahoo.com,Jamieside,Hawaii,10/3/2024,TRUE
C0637,Thomas Weber,taylorbrittany@gmail.com,Davidstad,Louisiana,4/12/2025,TRUE
C0638,Beth Daniel,harnold@yahoo.com,Jenningsbury,Maine,5/1/2023,TRUE
C0639,Juan Green,jasmine73@taylor.biz,Derekborough,South Dakota,4/19/2023,TRUE
C0640,Rachel Cunningham,marisasanchez@yahoo.com,Port Tiffanychester,Hawaii,1/25/2024,FALSE
C0641,Mr. Thomas Watts,lclarke@heath.biz,Jefferyside,Arkansas,10/13/2024,TRUE
C0642,Carlos Hall,sharonbrown@ray.com,Simmonsport,North Dakota,3/26/2023,TRUE
C0643,Edward Garcia,thompsonshane@bailey.info,Garciaview,Alaska,4/18/2024,TRUE
C0644,Amy Vargas,deborah39@taylor-buchanan.biz,West Terri,Hawaii,10/17/2023,TRUE
C0645,Robert Palmer,gregorymartinez@haynes.com,West Benjaminmouth,New Hampshire,10/6/2022,FALSE
C0646,Andrea Mcclure,rjones@yahoo.com,North Audreyfort,Utah,6/22/2024,TRUE
C0647,Ana Reid,campbelljeffrey@sanders.com,Jamesport,California,12/27/2024,FALSE
C0648,Alicia Johnson,ocollins@gmail.com,Josephshire,Ohio,8/27/2023,TRUE
C0649,Christopher Schneider,wyattsara@bradshaw.com,Perezland,Delaware,3/11/2025,FALSE
C0650,Laura Campos,kevindunn@marks.info,Cortezborough,Indiana,12/11/2022,FALSE
C0651,Kathleen Williams,tammy65@hotmail.com,Kleinmouth,Massachusetts,8/18/2023,TRUE
C0652,Virginia Leon,vanessa37@greene.net,New Amyside,Ohio,5/8/2023,TRUE
C0653,Brittany Estes,daltonfigueroa@gmail.com,North Paulton,Oregon,9/4/2023,TRUE
C0654,Crystal Campbell,rnash@osborne-diaz.org,Heatherburgh,Louisiana,7/12/2023,TRUE
C0655,Jennifer Gallagher,brett67@hardy-alexander.com,South Elizabethhaven,New Jersey,11/3/2022,FALSE
C0656,Kenneth Miller,hernandezrichard@brown.com,Michelleburgh,California,6/10/2025,TRUE
C0657,Maureen Williams,operry@gmail.com,Kristinville,New Hampshire,10/7/2023,FALSE
C0658,Dakota Terry,martinevelyn@berger.net,Meganmouth,Alaska,4/17/2025,TRUE
C0659,Tracy Murray,katherineyoung@gmail.com,Kaylafurt,North Carolina,4/12/2023,FALSE
C0660,Christopher Smith,melindasexton@garcia-gomez.com,Katelynmouth,Alaska,10/3/2024,TRUE
C0661,Jennifer Smith,timothy01@swanson-wallace.biz,Robertfort,Rhode Island,10/16/2022,TRUE
C0662,Theresa Watts,kimberly80@cruz.info,New Lindaview,Utah,11/13/2022,FALSE
C0663,Antonio Mcfarland,hhall@guerra.info,Perezport,Louisiana,2/26/2024,TRUE
C0664,Robert Mack,melissa81@brown.com,Lesliemouth,Wisconsin,5/30/2023,FALSE
C0665,Diana Bryant,cheryl63@hotmail.com,Chambersland,South Dakota,2/24/2023,TRUE
C0666,David Anderson,shawmaureen@yahoo.com,Atkinshaven,Oklahoma,6/5/2025,TRUE
C0667,Alexis Phillips,brianbond@yahoo.com,North Ryanview,North Carolina,8/30/2025,TRUE
C0668,Gary Perry,carneycraig@gmail.com,North Philipville,South Carolina,9/19/2022,TRUE
C0669,Cheryl Hernandez,victorberger@fuller.com,Lake Allisonfurt,South Carolina,2/12/2025,TRUE
C0670,Alyssa Lopez,javiertran@gmail.com,New Tinafort,Texas,10/29/2022,FALSE
C0671,Christopher Williams,mark89@yahoo.com,Kleinfurt,Florida,9/19/2024,TRUE
C0672,Lisa Smith,james80@yahoo.com,South Sheenaview,Delaware,5/8/2025,TRUE
C0673,Amy Johnson,tbush@yahoo.com,Cathyburgh,Virginia,9/4/2023,FALSE
C0674,Brianna Cameron,mcleanaustin@jensen.com,North Laurafort,Alabama,12/19/2023,FALSE
C0675,Stacey Wade,jacksonjames@yahoo.com,West Nicoleland,Maine,12/12/2024,TRUE
C0676,Melissa Clark,myersdavid@haynes.org,West Hector,Wisconsin,6/12/2025,FALSE
C0677,Kenneth Lewis,nortonjason@yahoo.com,North Chelsea,Arizona,8/18/2023,TRUE
C0678,Kimberly Richardson,marythompson@yahoo.com,Jennifershire,Minnesota,11/18/2024,FALSE
C0679,Tara Kidd,landrywilliam@kim-rangel.com,New Dawnchester,Indiana,9/24/2022,TRUE
C0680,Christopher Lewis II,qray@mckinney.info,Deniseview,Massachusetts,10/5/2024,FALSE
C0681,Timothy White,adamslauren@gmail.com,Michellemouth,Maine,7/15/2025,TRUE
C0682,Margaret Jones,lisa89@gmail.com,Lake Patrick,Alabama,9/27/2023,TRUE
C0683,Laurie Thomas,austin04@yahoo.com,Murphychester,Pennsylvania,2/17/2024,FALSE
C0684,Steve Gonzalez,hannahlam@jones.com,West Jimmyshire,Minnesota,11/30/2022,FALSE
C0685,Lisa Williams,oorr@morrison.com,Vincentfurt,Washington,2/25/2025,TRUE
C0686,Keith Taylor,melissa70@macdonald-young.com,Quinnshire,Michigan,2/5/2025,TRUE
C0687,Gerald Johnson,ericakennedy@gmail.com,Kingland,West Virginia,11/11/2024,FALSE
C0688,Courtney Hester,shannonhansen@yahoo.com,South Daleborough,Nebraska,7/26/2023,TRUE
C0689,Dillon Weber,hubermichael@bailey.com,East Davidfurt,Utah,10/10/2024,FALSE
C0690,Cody Mills,kimlewis@gmail.com,West Jameston,Vermont,8/5/2024,TRUE
C0691,James White,jessicasmith@douglas.org,Lawrenceport,Illinois,9/30/2023,FALSE
C0692,Shane Thompson,kellyvictoria@hotmail.com,Rojasmouth,Alaska,8/24/2024,FALSE
C0693,Carolyn Carter,samanthasimon@lopez.info,Robertbury,Florida,1/22/2025,FALSE
C0694,Maxwell Haynes,aliciamorgan@moore.net,Amyland,Arkansas,1/1/2025,TRUE
C0695,Sean White,joshua12@mccarty-lester.info,South Nichole,Maryland,4/13/2025,FALSE
C0696,Kathleen Crawford,bonniemaldonado@yahoo.com,Haleyfort,New York,5/15/2025,TRUE
C0697,Matthew Duncan,ann79@hotmail.com,Lake Timothy,Oklahoma,10/26/2023,FALSE
C0698,Richard Ross,clarkdustin@stokes-nguyen.com,Port Antonio,Nebraska,10/15/2022,TRUE
C0699,Alan Ramirez III,helen24@hotmail.com,Parkermouth,Wyoming,9/8/2025,TRUE
C0700,Mindy Curry,dbrown@yahoo.com,West Alan,Delaware,5/10/2024,TRUE
C0701,Samantha Watson,jennifer99@castro.org,West Aaronfurt,Texas,1/10/2025,TRUE
C0702,Roger Hooper,ismith@ashley-oliver.com,South Sharon,Kansas,4/30/2024,FALSE
C0703,Evelyn Green,joseph42@hoffman.info,Stevenburgh,New Mexico,8/5/2024,FALSE
C0704,Misty Blackwell,watsonricky@ramos-hartman.com,Port Kennethview,Florida,9/11/2023,FALSE
C0705,Robert Bowen,andersonstephanie@ross.info,East Charlesborough,Tennessee,9/29/2024,TRUE
C0706,Todd Price,travisbarajas@garrison.com,Lake Amy,Alabama,7/11/2024,TRUE
C0707,Ann Fleming,aramirez@flores.com,Port Katie,Minnesota,8/24/2023,TRUE
C0708,Susan Taylor,jamesfoster@yahoo.com,Lake Stephanie,Delaware,11/15/2023,TRUE
C0709,Karen Perkins,joshuaklein@gmail.com,Marychester,Iowa,7/17/2023,TRUE
C0710,Rodney Baker,whitney64@hotmail.com,North Michaelhaven,California,8/24/2024,FALSE
C0711,Michael Carr,vcooper@gmail.com,Meaganside,Oklahoma,11/27/2022,TRUE
C0712,David Singh,lewisdon@garrett.net,Cartertown,California,8/9/2023,TRUE
C0713,David Gray,markgonzalez@hotmail.com,Woodbury,Arkansas,9/29/2022,TRUE
C0714,Mackenzie Phillips,jameslee@sutton.com,Holdershire,North Carolina,5/2/2023,TRUE
C0715,Paul Gonzalez,jodi90@hotmail.com,Patriciaport,Washington,1/12/2024,TRUE
C0716,Jill Williams,ryan05@yahoo.com,New Davidmouth,North Carolina,8/21/2025,TRUE
C0717,Kyle Barton,gillespiejoseph@hotmail.com,East Wesley,Arkansas,3/3/2024,FALSE
C0718,Jon Hicks Jr.,umcgrath@hotmail.com,Port Samantha,Vermont,5/23/2023,FALSE
C0719,Richard Miller,xgriffin@thomas-allen.info,Karahaven,Texas,10/28/2023,FALSE
C0720,Ann Hill,natasha33@yahoo.com,Lewisshire,Maryland,2/23/2023,TRUE
C0721,Teresa Cole,wardkelsey@hotmail.com,New Cynthia,Colorado,12/7/2023,FALSE
C0722,Tabitha Gonzalez,paul68@pena-campbell.net,West Roger,Louisiana,1/27/2023,FALSE
C0723,Jared Myers,brettstark@hall.com,Cruzbury,New Mexico,10/15/2023,TRUE
C0724,Jared Phillips,kimberly39@yahoo.com,Sawyerstad,Connecticut,9/24/2022,FALSE
C0725,Mary Rodriguez,nicholsmichael@hotmail.com,North Patriciaberg,Nebraska,9/28/2024,FALSE
C0726,David Ward,sara19@gmail.com,Port Michele,Mississippi,2/23/2025,FALSE
C0727,Zachary Wright,julie77@hotmail.com,West Timothychester,Massachusetts,9/16/2025,TRUE
C0728,Joseph Wilson,michael42@wright-moore.biz,Jennyburgh,Pennsylvania,8/10/2025,TRUE
C0729,John Kerr,lisasimpson@hotmail.com,West Jessicastad,Vermont,12/16/2024,FALSE
C0730,Melissa Watson,sramirez@garrett.com,Lake Loriborough,Idaho,11/12/2024,TRUE
C0731,Emily Smith,emoore@gmail.com,West Sarahaven,Arkansas,11/28/2022,TRUE
C0732,James Smith,rhondasmith@gmail.com,Antonioburgh,Alaska,11/23/2022,TRUE
C0733,Pamela Hernandez,timothy97@hotmail.com,West Daniel,Ohio,3/30/2025,FALSE
C0734,Nicholas Anderson,andersonamber@jones-kemp.com,South Sarahborough,Michigan,9/7/2025,FALSE
C0735,Victoria Weber,james89@hotmail.com,New Charlesfurt,Iowa,10/27/2022,TRUE
C0736,Tara Robinson,ernest32@miller.com,South Alan,Missouri,2/11/2023,FALSE
C0737,Mr. Brandon Schmidt MD,yharris@freeman-boyd.biz,Port Arielville,Missouri,10/16/2022,TRUE
C0738,Johnny Grimes,gallagherphilip@hotmail.com,East Elizabeth,Missouri,5/27/2023,TRUE
C0739,Kenneth Perry,stephanieclark@yahoo.com,West Angelaton,Oregon,5/9/2024,TRUE
C0740,Crystal Jarvis,patriciawinters@yahoo.com,Wilsonshire,West Virginia,11/20/2023,TRUE
C0741,Justin Sampson,matthewbrown@reid.info,Harrisport,Rhode Island,3/4/2025,FALSE
C0742,Denise Lopez,jaimeholt@gmail.com,Brianberg,Arizona,6/15/2023,FALSE
C0743,Angela Meyer,owilcox@tanner.com,Wardview,Idaho,12/28/2022,TRUE
C0744,Micheal Brown,darrylmoore@chapman-adams.info,Port Roymouth,North Dakota,2/19/2024,FALSE
C0745,Chelsea Garcia,dakotaallen@gmail.com,East Jameston,Mississippi,10/12/2023,FALSE
C0746,Adam Brown,sydneygregory@gmail.com,Andrewsborough,Utah,1/30/2025,TRUE
C0747,Yolanda Haynes,kenneth13@yahoo.com,East Nancy,Montana,10/1/2023,FALSE
C0748,Justin Wright,christinacarpenter@warner.com,Port Isaacmouth,Texas,11/6/2024,TRUE
C0749,Robert Newman,sjenkins@gmail.com,Steveland,Nevada,5/19/2024,FALSE
C0750,Amanda Smith,daughertyjennifer@yahoo.com,North Judyfort,Alabama,1/12/2023,FALSE
C0751,Ana Mcintyre,michael55@gray-blackburn.biz,East Jeffrey,Iowa,3/10/2025,TRUE
C0752,Andrew Murphy,lawsonmichael@dudley-lopez.net,Lake Jamiehaven,Vermont,2/8/2023,TRUE
C0753,Teresa Taylor,chadcooper@burgess-bruce.net,Lake Renee,Oregon,8/14/2024,TRUE
C0754,Michael Patel,mallory04@hotmail.com,Port Gabriela,Texas,7/30/2024,TRUE
C0755,Sandra Hays,christophersoto@hotmail.com,Port Wendystad,Oklahoma,3/13/2023,TRUE
C0756,Sean Johnston,charles63@lang-graham.info,New Teresa,Oklahoma,8/5/2024,TRUE
C0757,Mia Davidson,ramirezbarbara@hotmail.com,Andradeshire,Texas,7/22/2025,TRUE
C0758,Shannon Orozco,william10@gmail.com,South Jacobberg,Indiana,7/26/2023,TRUE
C0759,Glen Cardenas,ahayes@stewart.com,Nathanielville,Wisconsin,1/1/2024,TRUE
C0760,David Phillips,gutierrezmatthew@robertson.com,Cantumouth,Hawaii,12/16/2024,FALSE
C0761,Sandra Kim,ehall@munoz.com,New Alyssaview,Virginia,6/27/2024,TRUE
C0762,Edward Lopez,ethan19@martinez-crawford.com,Markfurt,Idaho,9/17/2023,TRUE
C0763,Paula Payne,carrie23@gmail.com,Martinbury,Arizona,11/7/2022,FALSE
C0764,Christian Hoover,gardnerjoshua@hotmail.com,Michaelshire,Arizona,7/10/2024,FALSE
C0765,Christopher Newton,andrew60@gmail.com,North Brittany,Utah,3/13/2023,FALSE
C0766,Jill Dixon,katiehenry@carr.com,Stevenmouth,New Hampshire,6/23/2025,FALSE
C0767,Renee Stuart,kjimenez@peterson-mason.biz,North Seanmouth,Kansas,11/20/2023,FALSE
C0768,Ashley Wilson,james51@yahoo.com,,Kansas,6/6/2025,FALSE
C0769,Donald Sanchez,curtiscollins@gmail.com,Michaelville,Alabama,12/11/2024,FALSE
C0770,Catherine Decker,timothy05@yahoo.com,Tylerberg,South Dakota,5/24/2025,FALSE
C0771,Rachel Washington,laura03@hotmail.com,Melissaport,Mississippi,9/6/2023,TRUE
C0772,Isabel Lyons,logan05@simpson.com,Port Keithburgh,Iowa,1/16/2024,TRUE
C0773,Brittney Moss,eric14@gonzalez.com,North Rogerfort,Florida,12/30/2022,FALSE
C0774,Kenneth Hall,martinezteresa@hotmail.com,Andersonchester,Iowa,1/18/2023,TRUE
C0775,Jeffrey Simpson,tammycruz@yahoo.com,East David,Nebraska,3/16/2025,TRUE
C0776,Samantha Anderson,pvelez@yahoo.com,Port Richardfurt,Indiana,12/2/2022,FALSE
C0777,Shannon Hall,lori86@yahoo.com,Taylorside,Idaho,1/21/2023,TRUE
C0778,Anthony Palmer,jamie28@jones.com,Davidstad,Wyoming,6/9/2023,TRUE
C0779,Marissa Barron,timothyedwards@hall.com,Lake Michaelmouth,New Mexico,4/29/2025,TRUE
C0780,William Norman,torresamber@kane.info,West Matthew,New York,4/10/2025,FALSE
C0781,Mr. Jonathan White,silvachristian@yahoo.com,Bishopton,Arizona,7/3/2025,TRUE
C0782,Anthony Cruz,bautistakenneth@hotmail.com,Dukefurt,North Carolina,4/5/2023,FALSE
C0783,Stephanie Holland,kgonzalez@yahoo.com,Careyfort,Illinois,10/29/2023,TRUE
C0784,Amanda Johnson,grahamjesse@yahoo.com,West Cassandra,Delaware,10/23/2023,FALSE
C0785,Emily Nichols,patrickroach@gmail.com,Port Jimmybury,Rhode Island,3/16/2024,FALSE
C0786,Robyn Nicholson,eric30@hotmail.com,New Courtneytown,Utah,12/17/2023,FALSE
C0787,Mrs. Nicole Duncan,edward79@yahoo.com,North Sean,Idaho,6/22/2025,TRUE
C0788,Charlene Anderson,jenniferlewis@gmail.com,Clarkland,New Mexico,4/8/2024,TRUE
C0789,Eric Martinez,charles99@yahoo.com,Port Rayland,Hawaii,3/29/2024,TRUE
C0790,Cameron Thompson,joseph58@hotmail.com,New Kelly,South Carolina,5/13/2025,TRUE
C0791,Brian Miller,pricekevin@wilson-baker.com,Paigeton,Arkansas,4/1/2025,FALSE
C0792,William Clarke,ofernandez@williams.com,West Brandonhaven,New Mexico,4/14/2023,FALSE
C0793,Christopher Sellers,tgreen@yahoo.com,Anthonystad,Texas,3/11/2025,TRUE
C0794,Rebecca Webster,sharondean@robles-tanner.com,North Jocelynfurt,Minnesota,8/22/2024,FALSE
C0795,Daniel Underwood,pwest@gmail.com,Port Nancy,South Carolina,9/25/2024,TRUE
C0796,Lisa Bell,tonytrevino@gmail.com,Thomasberg,South Dakota,10/27/2023,FALSE
C0797,Jessica Jimenez,christopher90@hotmail.com,West Joseph,Tennessee,11/20/2022,TRUE
C0798,Ashley Lopez,kimkim@mitchell-sawyer.com,New Lisamouth,Florida,1/8/2024,FALSE
C0799,Audrey Weiss,justin44@gmail.com,East Elizabethburgh,Wisconsin,8/20/2025,FALSE
C0800,Alexandra Zamora,noblecharles@bell.org,Charlesfurt,Louisiana,1/25/2025,FALSE
C0801,Melissa Mccoy,pamela07@hotmail.com,Sawyerchester,Pennsylvania,1/27/2025,FALSE
C0802,Barbara Wood,brittany39@hotmail.com,Romeroborough,Georgia,6/18/2025,TRUE
C0803,Clayton Herrera,brownstephanie@gmail.com,Markside,Michigan,5/2/2023,TRUE
C0804,Lacey Cole,danielrivera@maynard-hughes.info,North Josephport,Maine,10/22/2024,FALSE
C0805,Kristi Lopez,twatson@miller-martinez.com,West Laura,Michigan,6/23/2023,TRUE
C0806,Robert Dawson,crystal56@wilson.net,Hamiltonburgh,Tennessee,8/5/2025,FALSE
C0807,Terry White,terrykendra@wagner.com,Hollyberg,Oregon,3/17/2024,TRUE
C0808,Crystal Nguyen,theresa97@gmail.com,East Andrew,Utah,5/23/2023,FALSE
C0809,Sergio Mercer,carol74@brady.org,Peterton,New York,8/1/2024,TRUE
C0810,Joseph Alexander,allisontaylor@hotmail.com,Drakebury,Florida,2/19/2024,FALSE
C0811,Samuel Thomas,david29@yahoo.com,East Justinberg,Maryland,12/3/2022,TRUE
C0812,Thomas Ortega,dwatts@zimmerman.com,Port Katelynmouth,Pennsylvania,12/11/2023,TRUE
C0813,Peter Zavala,jimmyshort@stanton.org,South Jasonchester,Maine,2/8/2024,TRUE
C0814,Eric Gates,saramcclure@yahoo.com,Josephfort,Indiana,4/6/2025,FALSE
C0815,Rachel Griffith,christopherjensen@hotmail.com,South Kathleen,New York,3/4/2024,FALSE
C0816,Robert Walsh,debranichols@drake-thomas.org,Justinland,Minnesota,3/7/2024,TRUE
C0817,Thomas Williams,awest@yahoo.com,West Jodiland,New York,10/12/2022,FALSE
C0818,Gregory Wright,erincarter@gray.biz,Jaketown,West Virginia,11/25/2022,FALSE
C0819,Lisa Johnson,tunderwood@irwin.com,Port Margaretburgh,Vermont,11/18/2022,TRUE
C0820,Joanna Mckay,barbaramurillo@hotmail.com,Jessicaborough,Indiana,1/19/2023,FALSE
C0821,Susan Cohen,gomezconnie@gmail.com,Alvaradoberg,Montana,1/23/2025,FALSE
C0822,Brian Lamb,wpetty@garcia.com,Lake Lisa,Missouri,8/23/2025,FALSE
C0823,Nicholas Pope,stewartbarbara@spencer-smith.info,Lisaville,West Virginia,5/18/2025,FALSE
C0824,Anthony Duncan,hmills@lee-rogers.com,East Juanmouth,Texas,5/29/2025,FALSE
C0825,Henry Moore,emorris@richardson.com,Nicoleborough,Connecticut,4/18/2024,FALSE
C0826,Molly Taylor,samuel48@yahoo.com,West Dawn,Rhode Island,12/12/2023,FALSE
C0827,William Levy,nhill@green.com,Brownton,Indiana,1/25/2024,TRUE
C0828,Mr. Joseph Howard,larcher@lewis.org,Port Hannah,Rhode Island,1/3/2024,FALSE
C0829,Rhonda Roach,nathaniel08@allen.info,Lucerotown,Florida,11/23/2022,FALSE
C0830,Alison Kennedy,trodriguez@hotmail.com,Parkerville,New Hampshire,5/13/2025,TRUE
C0831,Adam Key,vincent59@thomas.net,Port Belindaview,Delaware,1/23/2025,TRUE
C0832,James Smith,gjennings@yahoo.com,Laurieland,Pennsylvania,8/20/2024,TRUE
C0833,John Lopez,perkinssarah@gmail.com,East Eric,Arizona,8/25/2024,FALSE
C0834,William Perkins,fcraig@yahoo.com,Saratown,Utah,9/28/2022,TRUE
C0835,Lynn Pittman,kathrynmiller@barron.org,Toddshire,New Jersey,5/23/2024,TRUE
C0836,Monica Curtis,jjenkins@hotmail.com,North Lauraburgh,Virginia,10/28/2022,FALSE
C0837,Samantha Wright,hector17@hamilton.com,West Johnfurt,Mississippi,6/15/2024,FALSE
C0838,Katherine Rodriguez,smithcollin@madden.com,Port Richard,Oklahoma,7/9/2025,FALSE
C0839,Pamela Medina,acarlson@marsh.com,Orozcoville,Minnesota,2/6/2025,TRUE
C0840,Tamara Gonzales,cruzfrancisco@martinez-page.net,Beasleyview,Minnesota,1/30/2023,TRUE
C0841,Crystal Allison,gabrielleking@douglas-may.com,West Cindy,New York,11/27/2022,TRUE
C0842,Deborah Carrillo,kelleynicole@gmail.com,Alejandroview,Indiana,10/2/2024,TRUE
C0843,Heather Robles,richardsonelizabeth@wade-ellis.org,South Rebeccahaven,Delaware,4/27/2023,FALSE
C0844,Autumn Hall,williamselizabeth@hotmail.com,Lake David,Tennessee,3/24/2023,FALSE
C0845,Carol Smith,james13@yahoo.com,Adrianchester,Vermont,7/30/2023,TRUE
C0846,Travis Smith,jonesgrace@gmail.com,West Natalieport,Indiana,10/5/2024,FALSE
C0847,Kimberly Smith,qbarnett@jones-ellis.net,East Tanner,Arizona,2/11/2024,FALSE
C0848,Susan Luna,angelawilliamson@yahoo.com,Justinburgh,Florida,6/11/2024,TRUE
C0849,Teresa Olsen,gomezjames@rodgers-simmons.com,New Markville,Florida,5/26/2024,FALSE
C0850,Kyle Chan,timothy87@yahoo.com,Christopherfort,Texas,4/17/2023,FALSE
C0851,Cody Harrison,jennifer12@koch.com,Mariashire,Oregon,6/27/2024,FALSE
C0852,Lisa Bell,colindaniel@hotmail.com,Ponceberg,Missouri,2/12/2025,FALSE
C0853,Amy Jackson,jill47@gmail.com,Lake Jessicaborough,California,9/11/2023,TRUE
C0854,Vanessa Morgan,perkinscameron@petersen-gonzalez.org,Lauramouth,Oklahoma,9/5/2023,TRUE
C0855,David Garcia,gonzaleslindsay@hodges-schultz.com,Rogersside,Arizona,3/3/2024,FALSE
C0856,Brian Bell,luke35@hotmail.com,North Dawn,Georgia,7/25/2025,FALSE
C0857,Dennis Stewart,icoffey@white.com,North Charlestown,Indiana,3/14/2023,FALSE
C0858,Shawn Martin,fmckay@lopez-brock.com,Reynoldsside,Idaho,6/16/2024,FALSE
C0859,David Tran,robert64@hall.org,Lake Mariabury,New Hampshire,5/18/2025,TRUE
C0860,Scott Crawford,biancascott@diaz-walls.com,West Carla,Illinois,11/1/2022,TRUE
C0861,Nicholas Thompson,kimberly98@jones.net,Port Angela,Alaska,9/21/2024,TRUE
C0862,Julie Gibson,brian47@yahoo.com,Davidhaven,Delaware,7/23/2025,FALSE
C0863,Timothy Garcia,yjennings@hotmail.com,South Ericaport,Colorado,12/28/2024,FALSE
C0864,Emily Holmes,zsmith@manning.biz,Christineborough,Mississippi,8/6/2023,FALSE
C0865,Douglas Crawford,timothy15@castillo-campos.biz,Ashleyburgh,Oklahoma,5/19/2025,FALSE
C0866,James Kim,rperkins@orr.com,West Jeffreyburgh,South Dakota,5/18/2025,FALSE
C0867,Justin Martin,gjohnston@hotmail.com,South Ivanburgh,Oregon,12/2/2022,FALSE
C0868,Amanda Griffin,yolandagordon@webb-jacobs.com,Lisaside,Wyoming,6/8/2023,TRUE
C0869,Mark Carter MD,sue48@hotmail.com,,Louisiana,12/16/2024,FALSE
C0870,Kenneth Sherman,cheryllong@carter.info,Port Scottchester,Oregon,4/26/2023,TRUE
C0871,Emma Thompson,ffernandez@yahoo.com,Port Matthew,Kentucky,12/21/2022,FALSE
C0872,Kristina Lopez,wilsonwilliam@mitchell.com,Allisonhaven,Missouri,1/2/2023,FALSE
C0873,Mr. Glenn Cook MD,debradennis@brown-hahn.com,Welchview,Washington,11/9/2022,TRUE
C0874,Susan Walker,cristian48@hotmail.com,Hatfieldton,North Dakota,4/29/2023,TRUE
C0875,Dustin Thompson,sanderson@gmail.com,South Brittanyborough,Massachusetts,6/16/2025,FALSE
C0876,Tina Walker,richard06@norris.info,North Timothyton,Mississippi,12/21/2022,FALSE
C0877,Sherri Mcdowell,nicole87@palmer.net,Lake Larryville,New Jersey,5/20/2025,TRUE
C0878,Peter Robinson,isabellajohnson@gmail.com,Davidside,Maine,7/29/2024,TRUE
C0879,Meagan Horne,oconnorsarah@hotmail.com,Port Ashleyport,Louisiana,5/5/2025,TRUE
C0880,Melissa Smith,shunt@soto.com,East Connieberg,Delaware,9/16/2023,TRUE
C0881,Andrew Lane,colemantodd@fuller-braun.net,Thomaston,Hawaii,5/28/2024,FALSE
C0882,Mark Mitchell,jessica66@hotmail.com,Port Mark,Kansas,6/19/2024,FALSE
C0883,Stanley Wiggins,schroederkaren@rogers-fox.com,Craigville,Minnesota,4/6/2023,TRUE
C0884,Louis Freeman,manningnorma@owen-escobar.org,Matthewberg,Montana,10/24/2023,FALSE
C0885,Grant Espinoza,zachary53@newman-martin.net,Port Tanya,Massachusetts,2/12/2023,FALSE
C0886,Kimberly Parker,hunterjacobs@hernandez-wright.com,Shortfurt,West Virginia,12/28/2023,TRUE
C0887,Mark Nguyen,victoriamoore@yahoo.com,Lake Paultown,Minnesota,2/20/2023,FALSE
C0888,Bradley Porter,rodneybutler@hotmail.com,Port Wesleymouth,Nebraska,11/10/2023,TRUE
C0889,Matthew Williams,reneeclayton@gmail.com,Torresstad,Hawaii,10/9/2024,FALSE
C0890,Robert Luna,mitchellthomas@hotmail.com,North Jeffrey,Wyoming,1/3/2025,TRUE
C0891,Terri Wilkerson,alexis70@hotmail.com,Port Tammy,Mississippi,1/21/2025,FALSE
C0892,Connor Thompson,jonathan04@hotmail.com,East Joshua,Florida,10/20/2022,FALSE
C0893,Walter Miller,ugarcia@hotmail.com,North Sean,Alaska,4/6/2025,TRUE
C0894,Carla Sellers,xhodge@yahoo.com,Henryshire,Arkansas,9/24/2023,TRUE
C0895,Michael Brewer,joanne47@hotmail.com,New Maxwell,New Hampshire,10/3/2023,TRUE
C0896,Denise Perez,pateldeanna@roberts.biz,Port Tina,Georgia,9/3/2024,FALSE
C0897,Beverly Marshall,collinsbrian@cook.com,New Erinville,Maryland,12/14/2023,TRUE
C0898,Daniel Martinez,maryadams@nguyen-jacobs.com,North Kristi,Louisiana,3/16/2025,TRUE
C0899,Karen Mendoza,taylorrodney@clark.info,Port Aliciaborough,North Dakota,6/9/2023,TRUE
C0900,David Booth,mullinsnicholas@davis-norris.com,West Dustin,Utah,7/26/2024,FALSE
C0901,Maria Jones,seanmyers@bates.net,Butlertown,Hawaii,2/22/2023,FALSE
C0902,Miranda Wilson,landrylisa@gmail.com,North Samuelhaven,Colorado,3/7/2023,TRUE
C0903,Dr. Felicia Payne,owenssarah@daniel.com,Port Eric,New Jersey,5/17/2023,FALSE
C0904,Amanda Fitzpatrick,villanuevamichael@yahoo.com,Jacobburgh,Oregon,4/15/2025,FALSE
C0905,Richard Williams,jennifer64@yahoo.com,Hudsonmouth,Wisconsin,1/16/2024,FALSE
C0906,Katrina Salazar,ebrown@joseph.biz,Foxland,Louisiana,6/4/2024,TRUE
C0907,Danny Martin,michaelrodriguez@nguyen.com,Brettville,Idaho,2/14/2025,TRUE
C0908,Terrence Smith,jenniferzhang@calderon-thomas.com,North Evan,Iowa,4/6/2025,TRUE
C0909,Melissa Stone,kenneth65@brown.com,South Keith,Wyoming,8/14/2024,FALSE
C0910,Elizabeth Davenport,matthewcastro@ryan.net,Lake Martinmouth,South Carolina,1/31/2025,FALSE
C0911,Bradley Stewart,wolfecole@yahoo.com,Dustinland,Minnesota,6/24/2025,TRUE
C0912,Donald Jackson,david67@hotmail.com,Lake Williamville,Vermont,10/26/2022,FALSE
C0913,Autumn Hughes,wagnerchristine@gmail.com,Hannahtown,South Carolina,6/14/2023,TRUE
C0914,Kristin Gardner,hollymcguire@soto.com,New Nicole,Oklahoma,12/22/2022,TRUE
C0915,Angel Lee,alyssaleblanc@hotmail.com,New Larry,Connecticut,7/21/2025,TRUE
C0916,David Adams,smithanna@brady.com,Warrenstad,Montana,3/20/2023,TRUE
C0917,Yolanda Holmes,corey04@savage.com,Lake John,North Dakota,7/25/2023,TRUE
C0918,Lindsey Davis,danielchase@hotmail.com,Bradshire,Mississippi,12/7/2023,TRUE
C0919,Michael Huffman,wcaldwell@gmail.com,Bakerfurt,New Hampshire,3/13/2024,FALSE
C0920,Stephen Nunez,gabriel43@perez.org,South Melissahaven,Virginia,12/1/2024,TRUE
C0921,Karen Scott,kimberly84@black.biz,Lake Claire,Oklahoma,8/27/2023,FALSE
C0922,Eric French,devin75@yahoo.com,Port Kevin,South Carolina,12/12/2023,FALSE
C0923,Troy Salazar,virginia41@coffey-russell.org,Amandamouth,West Virginia,10/16/2024,FALSE
C0924,Holly Heath,tbush@wood-nichols.com,Lake Johnhaven,Wisconsin,1/6/2023,FALSE
C0925,Caitlyn Wells,chad45@lewis.com,Salashaven,Oklahoma,4/8/2025,TRUE
C0926,Hannah Eaton,jaimelloyd@yahoo.com,Leroyland,Louisiana,8/10/2024,TRUE
